0x000000000000000000000000000000000000dead,280,
0xd757fb1bacf538558768261653cfc15940c9c9ec,257,
0xe6c486eb5f5cc2c64b53ab6c3942986d648c9b89,86,
0x0ecf4c4a4e4c0786514edbab8be5ade831d9f91d,57,
0x0e75a61c17261274bb04039aca0cb7b1c94f44e0,57,
0x5f7384f5a478293f8246f3c366f819137c560576,56,
0xc3fe7e5ec34abe31524570c13899bbc8c4a9e287,54,
0x5aa391c32b543500ac0b934bdfbaa61ad0a6d18e,53,
0x9d0c5698c2ec50c6e28289edc85b9537ee139d3b,50,
0x5dad60b54d92b7448c21543c971e8983508c0ff4,50,
0x8288e9afee1972ad0cfb5e93878f9c2554c16688,49,
0xa9e7a3944905a3b804195304d573fc1744253ec1,48,
0x815fade5903105dc7439d17aa5a9cde1185c995a,47,
0xca383638dbd71a803cefcc0041385e2e714e5c58,46,
0xf2094662b2c62a7299e6647dd2fe02490b5d52a0,46,
0x6129418bd9e70caf980979c71053bed30fb5dfab,45,
0x76d065526fd0e0f2c0284fe81cf42a0078a8af7a,45,
0x1458fe12c8306b6de6a14f97c5e3eb5e338e48c4,45,
0x3acf6557a196c2c382b3aa534f3d958fb135368f,45,
0xacb888c834b761e409eab025df9c17a17afb4516,45,
0xe88e6cba7ab5bafbb52f9ece2d0e9213189fc5c9,44,
0x8b16b7789aa779c4e80f293cc50b69db1670f9f7,44,
0x296f3d363159343a014cd10985221db2f39b8b42,44,
0x04df8c3bf65f7099349b12aff162be3b68839c88,44,
0x0af86d3c1ce929041fe43206d661dda4cd6af9e2,43,
0x1595a71bdc910301ddc53c070aef3531e2c9e7d6,43,
0xa1446fb194506c6c28c77011680f0c50f984edee,41,
0x60a8b197309d3b32cf90491b7152d88020cf1673,41,
0x92da7cbccdfd4730f8b61b3b8f2f33e7991f6e0b,41,
0x7f0b17ba56b863a6ffa3e86dc2281cc0918a7121,40,
0x2bf5d21ab962b3716c3fb9bf6c8013276ac2fbae,39,
0xba5ee0ca42644da6f1571410fe2568c57e8e4c08,39,
0xe46d19987a93180a3739ca0eec7e009bda4385ec,39,
0x077b47dedadcd79cddba5b3199e315f4436518f1,38,
0xdda84fe3a727da1acb31bb1e1e98177cceaecde7,37,
0x7276a47f1285b03d1b9bbc56d655ef92b7a00e21,37,
0x6aee727c3e5fb911b21e550ad26704d31bacc4e2,37,
0x3abea0ae15ed4ccc472117fc3af3bab06761e5ec,35,
0xc6a1f73f1032305724c2f93c596fd685c85f9aa9,32,
0xae34b42b42b9b62ad1e0ddb8c9b938ea5c0b018e,31,
0xc9ab46e0729eb89106d6903333603b3a41a27d71,30,
0x43a8c40c038128e3d6f0a1e004381707c37acd31,29,
0x83ffadea520c0cd8e96972cbb70aa00377ff98e5,28,
0x622c6ff24412e4514dd639e0603c0421cf6d9d2a,27,
0x26e4f74e25a416c4e631acb3cdfc41dab44c9ef8,27,
0x9ab16a10debf85204c12d1f766f92a811bb4a41c,25,
0xc0e7f26c26269a01797a74eb12dd248cb634a937,23,
0xe541ba52e2eff4fec12441c77f73352d885e183a,23,
0xcf8a178a5f5d8d3bb77f53424b0589276d41a2e0,21,
0x665d437d137ec729c0e44ecf09c0f54c3126afc7,20,
0x85130dfead436d3fe974bd96c16b35503dbace1a,20,
0x32174653afde20f2e516ac257b3607c29424af3a,20,
0x6257481b6b0e86f01f90706d719687403a756aed,20,
0x247fd80462707a60b9420da7e72cd2afa131ad6c,20,
0xb91b652e90d6091fcdd3d7b24fd910d6444f0082,20,
0x75b6568025f463a98fb01082eeb6dce04efa3ae4,20,
0x8d1a4c71642488abaf01c8b31fa5b711aa3b562b,20,
0xcba1bddf78338e649e523e17c3ff50c9d8799c5e,20,
0xff34daefa30a137150d94e80178772986d7331b6,20,
0x93374ef343d21d649c27582345509ea8b5bcfc9b,20,
0x7282702510f48cebce3fdc41ba474600f8d3de2f,20,
0x6598c228c3630aaa9566dfe2ce6e0aaa3374af88,20,
0xeba6c6615cfe72a145d3e6c915b4d18a825186cc,20,
0x1090cb2c7deed962d1a8a118c8aaf0f79ba183ee,20,
0x4dce05ee4a9046d21fd55c15656bd247e874b22b,20,
0x9a123b1dc0f09bb1b1229336d8f878f9d531bdf3,20,
0x26a22514d3ac0b05e2f4f04df96ef302ba434cbe,20,
0xcd1f607f4339d61b2106edf7e4afba1a07686b99,20,
0x94696607bf2614257769f2290d4ade0339e56b18,20,
0x979bf450ba4fbc00cb486a20aa8c18693305051c,20,
0x654fc0feeee8e5d7597bfeef5fec03e4fc2367d1,20,
0xd5b12178161244cd1ac9ee4857b53f0b6e7c5a46,20,
0x0c63ecf86b72ea260140d4daf65bf6c66f36976c,20,
0x2dfec1ed9fa9ab6ae2a8417a798e75202dc293fc,20,
0xfbda11e8304375addc881263b2a8d864119511d4,20,
0xfb67c52e732a0d9133ddd710404d65c2ccf21047,20,
0xae3ba067e6419c850a7e845d8fcf5c2f6ecebebe,20,
0x28184964b54dd31e0b8e35a86aadbee2454160b7,20,
0xe2a26d5174b133abc4b338df1b07295f03a4c85e,20,
0x4c423b45f489200c8dd77d49ea2b16fd4e74df71,20,
0x2dbc54d6993a1db9be6431292036641ec73e8c70,20,
0x9d350f847ae951ecdf0a73d747b04c6b625b2e04,20,
0xa0e9ecd9a79dbbc357697f363f04b6230f1dffd5,20,
0x137ce6e44523d74d00ed52ea152f2785a08064b8,19,
0x9144f9f09cb399d57ba5228d4ebe8e941b0089e7,19,
0xb3cef5af2e87a4312fe39112eec4b7d7821c2422,19,
0x641808d1606834d5ce5bb84099efad3f21d2b060,18,
0xfb6c659df2ec045fb7cb6c975e7f36bb0941dc81,18,
0xa1a5a005f9e65f6e857948b32d413d6739ec1c9b,17,
0xc9c3e1828397de920e6249fff0a80b8884afa887,17,
0xcf48cbea95e5810472cc5df538f9a355602b5ce8,17,
0x7bfee91193d9df2ac0bfe90191d40f23c773c060,17,
0x9af76954b093ecbe01886f5710be6a36c339519a,17,
0x756dfe9f54e69287555b049c79e277a6435f65dd,16,
0x33b9d59b9c2229d01006a94038efbb2ae9001e63,16,
0xae0623b011bef6e01709f584ead082b13313a315,16,
0xc90758cf285628376af942256ccdca7d3a40a80c,16,
0xb8d2b659d2458c99d4a06077b6d53c721ed8c1c1,16,
0x940b99d86e68d2db61aedb6d8a5dba8c6f4eb606,15,
0x9f67bdac74bc686fc86bfa009c93f49adc4833fb,15,
0x0d9704ef5567e37568996442bd57e72f11a34062,14,
0xd8b1c9b1dd9283af681f047fb58c4092daf7ca82,13,
0xf703a4aded9797587e795ee12862dc3bab7f8146,12,
0x6053c0691e8201abeacca59b05d3d719c9ec2586,11,
0x50f865f439a6d4df270300a3930bc1876285f8c6,11,
0x2eee072054ac483815b1cb53c7068b2352686902,11,
0x0f16443c20add91008d2c734f7fffe9f0319b68b,11,
0xdc25e3aa050e906b0038ce539a82b7a36ebb93f4,11,
0x7bb0790a8b6104b23a01378492b1909e90cff6c4,11,
0xd706e2bfd9b1c99d5ccfa7348942b5fb0682e4de,10,
0xcf444c7efbff36f78ee34a29e24714db294f6ca4,10,
0x72363c61a0a32fe86e922d4b187fa3c139831db5,10,
0xc7ae22e87d9c874e8f1b87181cb7ecad75bcbd3e,10,
0x76cee105cd96774b7782aa2114ecdcbf049b2201,10,
0x17ccdda3914ab73f480feea2eca6381c2ce6d4b9,10,
0x24b7f299fcf327bdba6a2e0de93f44ac23c36e62,10,
0x338e841f7859f8d4f24be5123ba4f2ead0329732,10,
0x1e109d267da61261cb160cb6387fccc0463d6176,10,
0x9b494797cb84c5dca525fff0c9466dfac62cdbb1,10,
0xeccc484dd4093f62fc24c4725800013fbc2c1d15,10,
0xbb909b914f1e39b0e5c30b4fe6e5d984331519b9,10,
0x9b64ebb545224d026b1e7b6fe8bfd1682226aab3,10,
0x1ecdb07f96a7209b7ca2bd1fb9aa9da32a0bf1c7,10,
0xb949558a617bc970929a37c516716b6ef2df5560,10,
0xdf00577d07f3920bd20d6837b50b527723fff680,9
0x41f98796305feff5365fd5d235db02e6c7715d25,9,
0x6dcd5b6214ad546b58ab49a62c6f71aa4fd2d30d,9,
0xfb29d2ef693c5525ef54bd44b588acdb9bebb94d,9,
0x5953ac7fb206df4799cd18dee5461f6408680d07,8,
0x124d05e1cf1316141463224e3b9a9592044ee325,8,
0x3597bfa2dac25e2b8fbe143e12894cf1bac507c8,8,
0x63412cc6fecbd2cd4c4207cf375ce573fddfaeb1,8,
0x6da2a416f722c04bf260cc11d0edf0a82d6b2f21,8,
0x7d57b8b8a731cc1fc1e661842790e1864d5cf4e8,8,
0x5f3a9b1330058441c262b4efb8e63684eac24092,8,
0xc59ef66c88378af7eee0b85c2c59913d403d9a85,8,
0xc3710acb587fe5b44690316fa50b3dd368063359,8,
0xcbb5d856265ff430f4f80f11cc01f7ed8a410107,8,
0x277c4d00f805dd89c6e6e6d481e21b09784e534e,8,
0xf9cc4b93728328ccfce3cfe446d4c52d1571aa20,8,
0x755ce8e109e59c2b926c1342054a86267a2481ed,7,
0x06515bbba6d90ee24a9ea81caef2b47cacab896b,7,
0x739b16d5da1bf9b182a5e094f82d54743d821ec9,7,
0x513884102831218c2a4919b356ab01387b7ad502,7,
0x5df32b16758cdf639e57fa89771151ed2b62a3ea,7,
0x7f8f6659d08d5c3de64d9dcb5da51f7dbafc1328,7,
0x2cc5a915d693dd97b0fb01d11a4cccb077fd8102,7,
0x7a3bed46f010b359f16a9decf97fd9151b9992e1,7,
0xfe99df17afd060176fc64d1a5e9281388eb084cb,7,
0x2337d8379434ee8b488175061ee864e92fcd67d2,6,
0x0f03462b44225730cd92ef9ca81addccc5a43a62,6,
0x5f1b1922a4c322144644a9732e89cd32cdce9073,6,
0x295ba0688feafb5a8e65ab3d48547b2ac7984ad9,6,
0x6be322265b6e605e232b0f9e88515c6319f3549c,6,
0x0f84f6e4a805bbd7eaf384ca9f06d5751fe0b019,6,
0xc1aec14ec74eac1fc1d53a550bc9b486a55b6b4b,6,
0xdc17e15e1ef93a93002cb51dc91fa5851ae871ba,6,
0x0f6cb59dc820bec33907af4390e8d8f639d3c304,6,
0x2e8edd176f41e492948f668690012daf39f572b0,6,
0x27c27151f9bc6330b767bab8dcada11a253ccb8c,5,
0x8f445aa67c45805dd9a99f3a7224cbd3ba5ef569,5,
0xaefa4ffae9770ce44084da747af70df0e1097801,5,
0x203fdd6f417cb4f364a9a437c8e4684a9f05b5db,5,
0x4ae244a843b89f1bb21a4b40b22da57a033a4229,5,
0xe00e7d9ffccf63edddb0c8f16e132c1756229487,5,
0x2aeaffeafab6d6c190eb1975fcd50f5359fce137,5,
0xccfb8df4cddf1b15b1181711f89d120c66b21868,5,
0x37f5546f424c0ec7a823d2dbd5c91d734b2dbbf6,5,
0x56ce89d052043e10e0075f5a63929770cfa52eea,5,
0xf87ad9598a33c441fb2d425bc3b32db7ce512901,5,
0x47917fca14069885f85e6f52bd9623564e715dda,5,
0x8493eca71bbe028ce959c760e209e3ad73ecc86c,5,
0xd09fbf3fc15b56cd04e13eeae5cef9b4792e2316,5,
0x37ca4b9a2671100b1d8b8eee414b5becd06b4e76,5,
0x47274cc4b6519a655033ddafc9357d662de876b2,5,
0xe3d21b1c63edc070ea93fb8b29cc05f10a2aa9e6,5,
0xdfc6100cb9d59a69107413066396197e352d8a4d,5,
0xe8173bbfe29b8bdc318c9a965b1c375081a87424,5,
0xc7daf473c103aa2b112fe2f773e3a508a6999bb6,5,
0x1da27561421dce9eb0249f5e1b3d683925ce4f8b,5,
0xab1580ee6c593d1ae69c8e80592160bcdb9f6c97,5,
0x52573eb4b84e1a4c07e437e273388f55009d1ac1,5,
0x89c064c7362883bc0031c7f28c6af3a2f3e2bb3a,5,
0xdc1a1092e1e082ad35946da06d30345d4835f902,5,
0x86276f45394c83abb6dead1897db2a59e8baa146,5,
0xb4ad1b4ab790c5ef71698a73febdd6421dd25261,5,
0xe1bf914b7775cea19144ac7919916b73a1783249,5,
0xb3ed2170e40233b08b13f67342076646e7f8224c,5,
0xca954b2370e3df9164718442cd0ca8e65fc5fd2e,5,
0xb4e510211320cc327ac04169908cd1b7599dac38,5,
0xe0404cbd94137ac3ff0653b795813624baf91d24,5,
0x54f84564fc32865a32ce8c106498a52839fb8daa,4,
0x773d99cd93e0b14e38110765d5d6588304842fa2,4,
0xa8a17f48807a6122b67cad12c010ce9180f0d0aa,4,
0xb6062d0b8bcf70ccc8219eb1730c11985836229d,4,
0xaaac34d30d6938787c653aafb922bc20bfa9c512,4,
0xbb9c846b01da0512f1453b8ee43c81f46544a1eb,4,
0xe281665477e27e21dd6e96e9736f1e6af7cbe999,4,
0xd09da08a8ca0fcda75b7c0980a250acf6c1d3b7b,4,
0x5fa3772875038f4d875f3ab28ea3cb54194d2a49,4,
0x6dd7a2948b38bde6bd4503f8ef1ed71c700adb78,4,
0xaef19ec268cc64ccf2ccc0d154184dfef3cf99a9,4,
0x69f81ef1eaf82a7fb1a58540f24e884feed1b264,4,
0x76ee0799a026a0cf0615167c94166a79099076b1,4,
0x2aaec1cb5c64011ac58d4c199ca38e332e2548a2,4,
0x87f3fa4b7d3b4e05b450f2d0f63600b524da45c6,4,
0xc85d3203665f29942fc7ecac241629725dcbb6f9,4,
0xe05eefc643aa82aca64b72d380ce74a3dbc1ec13,4,
0x4c94270b4883e19104b82d7c7fb12313d3203e13,4,
0xed586886bb186ee12c5e5ece3caaeab66d6504be,4,
0x0697af0729d93eb083dbf7d7d93f6985a2c75714,4,
0x3aa6605d87f611e43ad0a64740d6bef9b80fcd2c,4,
0xb5fbb5a0513a76e74e6b67ff480a21a6a629d7d7,4,
0x6b54846c115325e0ddea336fac5690bb2b6bbc41,4,
0x20c6f73a8f39cba0597b8bba1073cd515e4d7edf,4,
0xc3ec4c770e4c7c7f2fad42d528230b5c525cb2fe,4,
0xe4447ecefd1406ef712962820c4aaa21df0c00d0,4,
0x924dc2617d2f3c6b5c305b8063dbe5b0a659759a,4,
0x94ab7004390d951da2aa2a2e646758ac498b521a,4,
0xcb4620765165432b84130624e52b15dc209476c4,4,
0x19a299136e65bfceb28f3b1e03936a38eb155d55,4,
0xab6e9673e5b1834aa83556a116c435beb42be3fb,3,
0xb0f46c4fbd6b482b78d9986bc2a045cf7b7a79e2,3,
0x22e208cc36f43a334f415faab797ee5c9d61aafe,3,
0xdc14f891346f298e0187720cc744572d3db11ea2,3,
0xd7454a20c6df478f057505d6f93b7e99a03175b7,3,
0x763ff1d7d7666a8367a97a58fb167ffd85ce8b5b,3,
0x555de50ab1ae81eb4232a479894940a4eff6aaaf,3,
0xbf5d9213bf083cf6ccc0e811c9bc43c700f02362,3,
0x1e35cd1759af269fb7ee3e3ff32507c2ce023618,3,
0xed7017bf796dc6ae1d77c6eb7ba0df0165022c00,3,
0xf7ea190f780a77b55433d2aa838b65168e9361f1,3,
0x09cfe7cb17a1d97a2d4dd4a40ef99602238722f2,3,
0xf997558ae6ab4e5b7df35b6686becf512a50202c,3,
0xed97ca30813aeba31791d5d358f88e9b8dfa15d6,3,
0x758fe911c1453e80c901e6d0c009291a22651146,3,
0x3d372def5b0cac363d35484c3867c4eda45fa1bc,3,
0x5ac6dd69d7c032c5595a655fa366c8c3dc708d92,3,
0xa178d7c99dcc121d5e0e7cef408956d3bf48ff92,3,
0xe04a7d14dfb4f4b8c37a145b1bec20f5ea2fc14e,3,
0xa94fc304bbcdff00cc5946314adf25ddd0ba0d42,3,
0xe6bdcff53a9dbc06ba755975acfce2d3ce94d9e6,3,
0x96ac226b5963e8c2ec00d26bffde6f089c4e52ea,3,
0xa3b583470a53aeb2848d9b24d0f385be40cfa127,3,
0x4bea7be535051c9731d39dd9b28f7014712cf811,3,
0x4d246e41d7131ff60cd533c13bd2aafce7ab1265,3,
0x92ee18538c392361f1923794aa62bd3a6550c8b1,3,
0x90f15e09b8fb5bc080b968170c638920db3a3446,3,
0xbd9847f56664955f291f32e895bc04c87a814cbc,3,
0x8096fd5c8bec4a9a2aafd83eb1f66fdbd7a1aa19,3,
0xf71946496600e1e1d47b8a77eb2f109fd82dc86a,3,
0x0611bf5a24c05264a940da19e98235c3b873ebaa,3,
0xc62bdbd0a118d140ef732f1efbb784d2b412288e,3,
0xf596ced6a5d384564ac118c72d629ef75a330646,3,
0xb2937626152956d7b5bfffd4a22d021c8592d6be,3,
0x5d01388d2cd3185b39c5e2cc8a3a91fd7b1b0c7f,3,
0x9776c82c8a4e9a388829cf4bd78d3cc7b25e09f3,3,
0x4f0a1bb0bc8652556a3e4ec3be7caaec7758873c,3,
0x73ccc7cd8ce7f54de6d52cc69a60a241183aabf8,3,
0x947d9bcdc2c34df8587630caf45b2a2bf07c88cb,3,
0xf9938356c9033204ccdf9e0cdd2d3faebb16202e,3,
0x0467c42b3c6048b17c623a59f04a10a4bcad0a54,3,
0x2bbccefba0930e9cf2bbdb0b8bf72718cf1a516f,3,
0xca077a26544657b08508e1f02236fc10bac86bf3,3,
0x27ecca5f0c2affe3f21494429521b1a7b16b1bc7,3,
0xc5df95b3422a9b21150d4dc2a90a46b5d9c5e758,3,
0xcc4f39e49655a8a2a7c498f6054676b75d81513d,3,
0xcb14048dfb9971433eb56be524725e1b317b444f,3,
0xdefa3582f35f45307208fd518c72f994db04da3c,3,
0xacf2f33f64851eeaed7258e82682a5e1403a08ec,3,
0xc1fa63bd4189a9c49a30010b6a3ab11194a95842,3,
0x6f29a17b88326366a539bf2f1d63c9f81c4f7bde,3,
0x2a4f47923cf68e2329624575b1f9f4af4ae9cf82,3,
0xe5d97b9c046e87e62f9a3654a57ae82167a5ff3a,3,
0xf9bbb08373ef7367987985bdd8dfb8b4a6569029,3,
0x9d068f19de114c2ba8ef89f437d97df78614e11d,3,
0x08ebfdb527eb9215e05cc5959aefaf68df0f7e76,3,
0xeb4103f88e4509dc543f453d8533ae9541562961,3,
0xa2a8d2d0d870ec66f03900891828100f6fa60985,3,
0x81813be44e65918b3f8d73ef3414480b7dd5f49b,3,
0xd51a2f6434cb702e0b0a6cd9e70e33b720d403f3,3,
0x06e781abba9ae7394f9c772872562f95daa8ec7f,3,
0xa9a79f02e39a3f5da9d15d858652300c1ab0192a,3,
0x0b94b5f7310564adfab1b9ba044297d3b9950b86,3,
0xbdca8494017a1f359c3289378409400dc47f1457,3,
0x599f93f297bb772e57e9e4921b1a589a4a762146,3,
0x2993e3fcf93a146bb143d017afac138f17474dd1,3,
0x5c7263ba520e6fe8f79b07f263be98da0b0c6b14,3,
0x794132174696ff27f43b7e99273e9de8f734de1d,3,
0x18a428ce0c31584a21cf8cefdb8849d8013e1994,3,
0x2466887c5ab22f4a19828bff94ab5cdae7186ea9,3,
0xa950a653d9a1a4fc765cad7ba41e798ac493733c,3,
0x2ff5e61e40dee544c6f510a9928fb657c88c8516,3,
0x281a250d5ac12b3821f6d0543c5ab1d9acc82f07,3,
0x027d3e2d5fa4f710aae2afa95bc4f3d2b9b9fc95,3,
0x33df8400b73136c3ed3d658a4384353f5d903eab,3,
0xdde78dd4a93e11046c7f59383a7916f4c3c3458a,3,
0x36cb00d8b924c180041168a14ef08eecd7450149,3,
0x795a805d3bc88d0724dea1432f309b65caeef89e,3,
0x0ba9de69ab5a21b63d4bd2d6634110c1564a62a3,3,
0x513cb622e4e9a69812b046e8c3d2e3051562d273,3,
0xfb44496ef7ce7dc94da1ec9f45115c80bba1778d,3,
0xec3a2439a21e5217d5200d27f49b1a021c438e3e,3,
0x412dea4f31d497ba8e4817210e533fb1d9cccf2c,3,
0x29127f0fd566428d0fb1c9fe06e35321bda93ee8,3,
0x707cc7ff415da0262a153c853c0e34e7d6d6cadc,3,
0x3f28beccd4cff6548600ca62446d7aa6381a37b7,3,
0x69a3c6b30573b5a076a36296858b888c74f6ac8b,3,
0xd5aa6087237fb0e76ba9c2956bbebca189ecdb74,3,
0xa8b63e1408e8e607d4cf48e6e3b14bb881b2010e,2,
0xed2910e88f62ce8fc8d6ea15eb63100f6ff07eae,2,
0xf94719c916f483aa306f21c6b44d4f5752f1aa90,2,
0x01ed39a184693d17ec40a048864231b100320042,2,
0x46c35788b0a61b61b836279e06520b27923e7e63,2,
0x44b9e78833ddb7e22bfd28e1e3648b8cccddab20,2,
0x2b9db8033e82557398794dd1b8d31025fbfd6ed9,2,
0xcc78e68d225254b598d6449051ca502b664cc9e6,2,
0x411d4c926df28625a51ece47d6abfd9064de1276,2,
0xe936b2c854cc37bb62f9c6a225d07612028f3694,2,
0x1512bb3b85696fa4d85cb4bbf78e9c4fe95db90f,2,
0x67588d4e564eeee2d8c0555c0b042584e3639e82,2,
0xfe6452534415bcb1152db84b3ee246921a0199ad,2,
0xbc90624bd4a24e4765fa018833527e61656e43f7,2,
0xeca511c205bef94a432e3a940cc174162f28cb6c,2,
0x751265eb90b961e68e39cc5d0a3f85b636de7eb0,2,
0xd6c32b0ac1bb13c6f53953b433f1a008e4e03b02,2,
0x7853b8689400e6acfd3b74018c1683d18fdacd99,2,
0x260bf5c2fd093dd1ce154f619e2212c5ddb7ebcc,2,
0x02e330c881bd785fa16dc4873850e41c2daf7e7a,2,
0xc88379a92da0576d590cfd67df9497e79f458ee2,2,
0x59491ce5e720078e96590d960cd09507b4e94579,2,
0x6f42ae75878a4574f71e549163f1ae10961d31ca,2,
0x8d0172e88bd400884708318bac77bc69f76ae082,2,
0x8f54d1a50bb605b28d16c090fbec44e3aaa7639c,2,
0xcb630c28658d8b4f0509d628d8d947e6f95ea20a,2,
0xaaedd7d337815d10b9bd4e2430a2172f881ebe60,2,
0x085cb649bf48aa15064811322a5e26f54aeaf0db,2,
0x4a118721f3216ed870d473aa0583f65edeb0a1c8,2,
0xa9fc855dcb83f59622ed18501d15f63279ac2633,2,
0x8a671c76077b2abd04711a318df5ec7cdba1d8b7,2,
0x16030796ba82679369de2f90182dfc60931b1a61,2,
0x20316e8a4818326a504bbbf96d476d6c94b1c4b2,2,
0x177821cbe97b3eb0a20de1fd534bc7160cbcd76e,2,
0x73c7448760517e3e6e416b2c130e3c6db2026a1d,2,
0xddb62740065c3f3043275cb8d5ff9983bc5afb25,2,
0xa909bf8088bb3253e25eda35de9464a500bd8098,2,
0xab4edbd86ab484019da2136e884d284398a2f442,2,
0x4ccdce38c2fd0298354fd1914cbca866aaaa2868,2,
0x18844445c5b0012436b59389f91f9d928d599788,2,
0x1e8e4445f7736084a48c3cca4cf3d148ec6cb3fc,2,
0x69295e9634627efb65c214f91241d482b9860a54,2,
0x35ad39f8e49baf2f3e4826cc4141d4910ece6e3d,2,
0x0c415603f88ddcac90a2a9b9c99b27edb6e79e97,2,
0x3ffa42577fbbbaa239d9cdb5a5bbe493705b273d,2,
0x2b34f8377fb0267a0dc12c28bf79c2e874b51a84,2,
0xc7fcadcc2b9df5234794aebeaa0ef99cdb84bb5b,2,
0x9d54afc9a42b375a60f0ad70d073b1cdbb8b9c9b,2,
0xbae4f1709df901c8f44055169fa216a10abfde67,2,
0x03d61b469033671ee1d2335c2bbbe9ba9319f869,2,
0x46cd45aa618f67ccfb46173912e364208e2657c6,2,
0xf2188c79c90c85fee94f5476b25d915597ec2c1c,2,
0x6c566a016ce232ac342ba9bef27333411dc81249,2,
0x09c781df69e7a2cc00792091ca2b219727f93df4,2,
0x97d84361104152305ca89bd94bcb5a489aa23b87,2,
0x199eeffb014e3df899f79140a8eb0f85fb1b4e06,2,
0x1510df863e38c2d7c37918f9d9412ea58d56576b,2,
0x69cef299b9575c3a391599191579e8f0e53c9490,2,
0x26547a37e4ec6816c370dc7237e9461a780576bf,2,
0xfce11e5b8940889bed838788610aa05c87f2fbd8,2,
0x529c44d430704fcc7070a359faa7452edf810164,2,
0x6a235e4908955bcd9756f84057a6256eb4d74bea,2,
0xd73afd34e4ebf320a8aa0411a94e19a1881608a1,2,
0xce06bf57354ebde228504c7ad509bbd230412d45,2,
0x4573bd8a4de32a2653dc7514fcc4c3dc597ab59c,2,
0x4e51f68940fac327b2f018b6b79109031031fe8b,2,
0x77d75c135087f34dbf27238a081551725ba796ae,2,
0x6c57dc6412d49fc6cb8d0b50148892fa119e90c6,2,
0xd8e8bf2fad7224f6d9e137acf7f90eb09534c96e,2,
0x794db4caf0576cfcc8ad7240595382e3a2da00be,2,
0x306ba4e024b9c36b225e7eb12a26dd80a4b49e77,2,
0x7e5a49d2a6e4fa66d6771abf201c44890e47c36c,2,
0xf118c2214b3e02ad2402353baebf3d09d107dd4d,2,
0xae0ad2947c529560763db15cfc26e02d21cd3353,2,
0xa3db5499b4288f8cbed144f50e625656186372b0,2,
0x0fc69c0b2739d1ddd58de4ba51f3bad42e6e6bf4,2,
0xc008becabc9dd6f669881ad0b467e86ab55f3e5c,2,
0x160e520c6c1477d7e669baea83ff0eadf489e084,2,
0x53d4e33875dab5ca6488c1e38addcff941a83ab1,2,
0x3ea0833e6adc88d996eb67616a31558c4d1fd4ba,2,
0xe5c9d04a861a9c3c08879a990d51d81ebcdbc6df,2,
0xdb07f9a6171a6d2a2f0a5b4cc9272afa8e175115,2,
0x4edea9bad5e4551ecfc9e65a3dc4d7e55a4d06e6,2,
0xed0b88246d098e74ba56c0efe399fc8d38c1e155,2,
0xf8ea18f8fa1d7a765e5430f0f62419a0375c92f2,2,
0xd908b2fc88637d476b0dfcddebb785b77e5f39bf,2,
0xc03dc88f7f1ff1fc4d77a98c124fac9a820722fa,2,
0xfd2a009cdf8b764ba749435f0322dd1f640a2131,2,
0x3f66957bfde4b840cc51aef0226d8d33a0b255d6,2,
0x70b928900e9e853d2d6bef4998a74133ae7fc888,2,
0x3288ad9b8e7d32f698ac35de51ccc18373e33a85,2,
0xd898192bc6096339427747f4575831cc823133ed,2,
0x6a70c895b6776d1ff5925f517898062fb6c5d609,2,
0x9b4c436f40e7fbae7bad8b7547a2e8652c71b6c5,2,
0xc64d33bbc3286385491863c25b98c368f61a8539,2,
0x962750859d6605e33a08ba6ec61267395c16eb7b,2,
0x1e821da9a1bb0869d230753ad0f9b198292ce90e,2,
0xb87be98646e6d109ad2195faa7220c07c10dec88,2,
0x4ca6bb42ff716281ac6b538cebc2aab5cf879c74,2,
0x6cc5191aa09c6d7d0678b98bc15107c19d08d7f5,2,
0x97a273d83f1a25a50122e98a4d8436d09fdd23db,2,
0x0aeb014499161cc9cdeea102836b3268f027d467,2,
0xe86afbda2f5762d13b29e812b11bdd9e2a76c6a1,2,
0x7d098fec4ecf9ac948b17a179c638f1dbbcef72d,2,
0xd9151cc90f9ab13300e1b90d7aa341117e50f484,2,
0x272fee635d402c3a3f9466be30652db8196e0826,2,
0x269a1560abaad3c249bc2db78d172e84a48da3de,2,
0xe93735deb30aaa0810dfda7fb2b0e2115982b1d1,2,
0x6475372b5207fcbc430a8fb98e5345a597236ad6,2,
0x447f6633c8a6617a6f92d8a1844195a293474eef,2,
0xd50cddaf1a2a24b54f82e11617420b463451c924,2,
0x82f24d5c8393e58d45213e53d894cb8ebde72b0d,2,
0x8ac6ef37b6ecb393397f07f23aaef08a70d0e029,2,
0x93250b3bd00ebd1f605deb1fa8162ef75e41a472,2,
0xdc7cf90930c74fdbfb276d9471e40c469c173a9c,2,
0xed8e67b65207575ba31f8cb9f3fd476e0396ec8f,2,
0xdb5f631ea1f60c20fb81feb4b2db815cb1debada,2,
0x4298272c3fc13f951d72a2a1ded8123e031bd04b,2,
0x7c8f39f35ba890be972d2ccabab0e3dc99a82001,2,
0x60046913f6866823bfa1c61dce7dcb5dbb1a800f,2,
0xeb60bc1010b1890cc043988007e4d2350094ed0e,2,
0xcba504f2c4441edd3e6ab57a65da413fd4ceeb8d,2,
0x1eecb395cff2852b0891bb1a9ee90fb4623e2804,2,
0x785f1e2869cd2686371d642273df5fe2b551f382,2,
0x8576c2104dac9cbcfefef9b6e7f39cad6953a938,2,
0x11ff58544aea8bdcb28eb350644d331b6f5a71f4,2,
0xe4fe36f91cd24080230f1f1fb247324e44e91882,2,
0x52ff0010d4058bb726725ad76f542c53033d67a1,2,
0x8f0b4ab75a18bdbf5cc5e36ebb3045ac65a896dc,2,
0x52c43473a213f890ca9b4a0b14fd3d44549e6c29,2,
0xcf990d77e8b9e5c141947c8a3768b6bbb5ab84cf,2,
0xde9cc631562fabb3f81fe4c92d6e8ca874b332e1,2,
0x62278ccd3913f1b4b1abd42ed1aa95f611308568,2,
0x41c8feee366eb366dd4cfc7e5c315a4005938877,2,
0xf7043e707eb4a892d425ba8183dfc2a40478f0f7,2,
0xca494520d20da8c7842ed316d6396d8a58abc51a,2,
0x65901175335e057f1f5550834a3b9234175bce18,2,
0x92ca62fba75710bbb471a92070956dc86aba5ada,2,
0xf7147317680f9f031042d997a60e0eeb53b00958,2,
0xad8b6b9f2425e24fe328d2d564118355b37b3c72,2,
0xefd09cc91a34659b4da25bc22bd0d1380cbc47ec,2,
0x63579884e292c14efd418346d24ecac69a4b4e4c,2,
0x46b671543f1b8391d2d051d348c8f536a33e5149,2,
0x30b3c7fb29207b95f3c3717f1b518a039a04ccb0,2,
0xe95c621e026c605b80f51fe02cccbfa389689c6a,2,
0x5a38cb51e8a4627701e00079ba2c0201f1177b66,2,
0x23138f5f4334e9cea90c0fab7a237ec174b1d583,2,
0x944e3661da24cb81a6cd6f9ac4bd821864cd2033,2,
0x7e02e422b33171341e9e74e89fe91d833b108d00,2,
0x298a6a5afac1c4bb936ddc6ec14a892a4506d15d,2,
0x7d67235fd41e868b9d4c52b2e8cd714878763f36,2,
0x681e32131e013a4a56bbeec3c379bceb0700d594,2,
0x9a58fde73e66b9f1979789f0aa3c71b2c6880fc3,2,
0xe2c5ad96038a0c09a7cba8b7b274d3e4b77d8977,2,
0xfb4334af1bb7024ac7ab3eb26251a752bef78554,2,
0x71c2cf4877c991f5b7047636c8ebc04408a8312d,2,
0x3536cd0d3e601145a2487f9e4628e93bd875136b,2,
0x0535a0ce2f1d7b04205d6c3e7399b4c6d050ff02,2,
0xe8c2bab39f3b62ca06e6b3e5019ea424d65fe090,2,
0x2e8e9f34c8adb12f8adedac86b719f891ba8d7f6,2,
0x050d9f20cc09cf303f4495751ab76744c29f8a94,2,
0x3cf5627a2862e795893cd6c8c333a47729fe5801,2,
0xb822ca622e26a17c87e9a7aa93ab4308b30dc31f,2,
0x5835c8689e299068c09150ee27ec32411a766a88,2,
0xb61b97a5d2d6d32b35f057360828175701a841db,2,
0xd760b455029378554da5663b99e790ad633cd6f7,2,
0xd6c6f3b5d72a0a8b5d8d94550ec7b496c2eebb41,2,
0xd7052b119284486784877368bc393f6466026969,2,
0x7a013f91996a68377ff4d6760b532c0f10e85373,2,
0xc6edb127a35c57fc0b0d674d1e9913adef131deb,2,
0x04ccc7fa2fc600914fa95db34ab27c9437e742fd,2,
0xdac2c5d760ff866bc796ddb88dffec3d9a90b7e5,2,
0xe7843d8c33ff33ff6e557ad642eee9b36bbe3f64,2,
0xe016f917cc4219c19fc62c7bd137b3bfb96562ac,2,
0x9131ec04554a6dd0e09fa1c036aa6d53fc8464f6,2,
0x16562667452aef96e2b21b01b4b48928e44f4e71,2,
0x76488dc6fd0d68e9bb8bd776a8906ddd0e1df287,1,
0x4da9c276de1d7870227d56784b063d49633b3b28,1,
0xed76d36ecda26b49667bfa406ccb9eae5b31e28b,1,
0x88e08adb69f2618adf1a3ff6cc43c671612d1ca4,1,
0xc917c404349d6e686ad579950d1be56a47582230,1,
0xcf903038bf92002b21ee4c1c810c692f3d96dbba,1,
0x9d911ed974fe8e28233a8e39e199b016b47625fe,1,
0x83605a511e9b46bbca2b38dc154d38c074051b64,1,
0xbb26a8d1db2cb0a8d1dd12bb0db8ca96d2ea0523,1,
0x8edbe2e120f473e173d073ae2691d8c68c6c5b0e,1,
0x9676088c985789a530b0d4e35b612e2881cfa2c0,1,
0x3d1634e1638917f26cb207cc2dd3b481be6d5361,1,
0xeacea079588b9d3044f885d5f0c0c8c89bc0334e,1,
0x7ce3789ded2037d2d08e9c85e9febf56fa95f28c,1,
0x07ed3e8e3ce42087e825011c316e17f0051cc983,1,
0x5b6cbe2ccd0fdb62435e68d4e1f2d049ee70268a,1,
0xa1399966702b0121558a740d12b52ca1b4e875ce,1,
0xd20009de45ff685243f0096f32e46da2ef70b3ea,1,
0xcdedcee9c46284667997eb4d29f8427b696da3df,1,
0x448342be8e654d7e3ec4b7df621c1eccda2ea0ba,1,
0x91a767b183a2edea8c2e107842feef521d51ad72,1,
0xcf6c9980cdbbc3abdcc2ef896323fcdbb6159df1,1,
0x8eb3d3619a2712e2b0a4b234f9ec13400a94e190,1,
0xeac13958ce2de87369fd94dbf5aebaffb6c27693,1,
0x66ce88883904a10de14b0356eb407ceb9ba4afa2,1,
0x7a823bd7beffbf528b51716f9ca90e3948ef9abc,1,
0x478b41063dd05617223e57b4c10ccd8aa392f782,1,
0x0d773577c945bbcbf60bd74d54aefc582e210366,1,
0xbaf93ab4fabd69cee005c2f0df4e8129a4a31d91,1,
0x60df958ef7ecf51f3bc2d7c0d78effb9cb8c33e7,1,
0x7b5de5e29c5c1ddf4f8e15d93d0afc4f8fc6002c,1,
0x9f168c1959ef48a8a7fa4af2c28a7272b5061791,1,
0x4953632ab10fced381c08232f948b60821ff7a10,1,
0x5688969ad44310d800dd93feec3a7842b5da16dd,1,
0xfcbf87aa258633a8d40fd2d01ae9c57966d8147b,1,
0x58dbe4507ce46ce0e9e74f59acea61e89cd0bde1,1,
0xd1fa3bb272ee4d06954b45646d97c81c4d95666e,1,
0x61fd0d043d519f5a2bd05785000f30db96809429,1,
0x55eb18f627ae5953953bf22a7161be415e277ad6,1,
0xddcf64d2b49a665d8870a1b00512ff13eb7e620f,1,
0xf8796b9b9c967b31cde30bd195955f5096666666,1,
0xdb1299ac5c50bda4be2310ed79700000beab3099,1,
0x432fcd67815d5cc72808a7815a02373fdee7d740,1,
0x4ea6eaf5279a69219a0d4e5c3e2a9542ee6cf084,1,
0x310fb3e3c38627113b86a882ebe0420d7c2f7e34,1,
0xc26e5d0b51851d9a06c61ac84bbf1a78756f76a9,1,
0x5fc026ab7f7c6ac62c62e4382f7ff3d37e2c2a75,1,
0x6fc3ac6128a82c62ef37fb6e649b102333e9804a,1,
0x497931a4413e2e34abe4734799fd0f4060bc3d16,1,
0x2abfd6eac6653e111d54f5e386b6a324c45b0a88,1,
0x759b1290f24990f634b74d33bac6a9e23978d73f,1,
0x4a9b562176bd1da06b3cc265f2710251d5e98290,1,
0x9dff84cd6cd8a3d948a8121661875c5246b75e64,1,
0xb29a6ac76cc7d0ab7a2cfe61f009546b1cd4bde6,1,
0xbcccc3a0e9a8b6c44fcd57daa737cd92fd54ac58,1,
0x799868ad4b7f80945ca50cc51c6791bb3b2de389,1,
0xa6ffb402fe01d68e33c5bce431c07f6559648c21,1,
0x5426fa7f5298851fe9ba622d1e289c549c131813,1,
0xeed2b66d91f751387f68ed1d5d35cc4eb6bc57a9,1,
0x6ede1a4cdda018787c34c8628b980c7bbcb205cc,1,
0xfa17cd751bc165da7399d3ce27ceb7ae39da6a77,1,
0x7ea0f94c1d2f70783e6f427a9433459c76003630,1,
0x5a756d9c7caa740e0342f755fa8ad32e6f83726b,1,
0x4800893b32d0764609df78ac2aa6cc97d1ea87f1,1,
0xaf0682908d1a2c2b58d776be9b7477439ce0cf15,1,
0xa5eec8e3b2719d34412997d5771170cba6d63371,1,
0x14ff9bd8e33aeea7100dc5cdddf1907fe693fac3,1,
0x537430537cb2ca73a06fe3139f6f2da425569b91,1,
0xae7b2617303cecd259d84d369f7f89e439328e0b,1,
0x02d926b835ca2545821c70133eff7070094608e5,1,
0x072213b5322bf1baa7a929f19c984b0642861d16,1,
0x7f36cf479fcd0636b558cddf33f8e24733a4995e,1,
0x184e61d0fa5f05a22867bb3ec416b056db16490c,1,
0x999bcfa458ff2247c2b7b18652512f52cae3f839,1,
0x25f974f6edcf031add436cd13f62b3c972dba1f8,1,
0x4c4f365f6a1f8cce0f2e649cc6d7641d3353b119,1,
0x364a6c9e355a1edfdefdad958139d9c71ecd6ca9,1,
0x50fa9c2967be2feb247192ec42a259128fdfd18a,1,
0x80448fe7b960d342eaf5e5894bd583e9a772d27d,1,
0xa4e06217d391ccba3d6f809a41a747bc9a7f3f15,1,
0x61b4002874d9bbf48588bd99c83680fc890b952b,1,
0x5008b540fd84bbc8c8a47643ca0841ac7b4c4a79,1,
0x493a8d2b62ad2dcf4609d23a45967560869a3970,1,
0x7e83bde24ebbc7a5be4f91b7ccb653fd00d37ca5,1,
0x17c15d052e56e33a2ed31aba0bc21181e78c1bf2,1,
0xd11387aa4012d500ff1f6bd34a9e63da0c3bad07,1,
0xda0902cb35b422bb83456c2c3f9c3b3ea906042d,1,
0x218da66ef82d5d403ecd7025a413c911a377f829,1,
0x5ef9f94c5708b01d67985e46fd53f15cf0da4d2c,1,
0x959ebe8861481e0bc21b37444bef96167bad5834,1,
0xa2275e37e372bd716cd4b5af83c214be120d26be,1,
0xf1eb2128d6c4a113282949a7e3454f3bcca0aeb5,1,
0x1f687cb0061905331c3e027d0cbeac94b4a1597c,1,
0x8734c50727898297279f40bb6040c7e0e8e38be0,1,
0x84aeab71308da47f4b7fcaa4889c3e2f9af5d72d,1,
0x988d8fe9f7f53946c6f7f5204f7b71a1215685b8,1,
0x5757554a305086fcbe8f6604aa4d730e0cb08ae6,1,
0xd4f420c94a473a04c80b9070888e13c6aeea0fd0,1,
0x002d6e7880319bd97698c22601aa9b4b3c26ccae,1,
0xa61d94d8c934f3758ae53c19f4e50de17a824970,1,
0xd1a9bafe0ac2192d389bd60ce0ac7f3a6cf2f54b,1,
0x2a02bb1790c28a3d13f09cf6d853a5252db5d8de,1,
0xce57cf76db84ffd948fbf05b8f34782fb140b746,1,
0xebf2adb3df7b75fe724b206a6609bf9fb63c8437,1,
0x1cdd089007d5e252220b5028a293b097a812f393,1,
0xe6590d8a376814d64af27ce4edc6470fab4bd552,1,
0xe8c0c8ee69957012851e34b6a6e2e6fbbc01abec,1,
0x0e12308bca0170e505c8a9f077fa0fe1ad5f25d6,1,
0x87cf2dd460be20555be5fe0910c988d27d7c48f8,1,
0x054c5fac82d9481130a75ccfe300e2ba6cdf9d41,1,
0x814c32dee83c8b7809445bfbef2e5b22dd8495a3,1,
0xf7223bbd8eddd4910bf706d9147629496bb079f2,1,
0xcbcda62ad56791f9a3f8ab16e0a45ca376cf5c9c,1,
0x453c0be9e7890616c7f539add7edc606edfbb83a,1,
0xf861c93c3ec56ed1a56603349243f39ccf2a9181,1,
0xfbcc618980f92e8a42bb36319343e96112836835,1,
0x24029a0a7b922283571ee2ffd5c21c3377c7921e,1,
0xdb55e0be8da533537cb3e7ca261594b251a68341,1,
0xb1b9d6c8357c825098a654fe06800cd2d8617827,1,
0x669d4013501e5f8192e6dec7013fd97334afb5cc,1,
0x5e7c7115207d4627da7aa6a3c05a57bbf527d18c,1,
0x2143ac42587e03db53d8be2089d37c784873a77e,1,
0xae2cac251f81bb41856b3ebc5b4596abba815349,1,
0xaae1478ee9f89f07c789e7d2c3647e606cfb0386,1,
0xc1c47fc898feb1f2bb3a649b7e516d4f32e97465,1,
0xe4318d1943661459f21ae3b7a2992b92a988af87,1,
0xd5eccd567aa560fcc8dfaf22c839d1189abcfde0,1,
0x2596bc6ccee8e19d2091271f554efefdd84f93ad,1,
0x07de349505e858eef3d1b797326f78eb0fe457b5,1,
0xd59c20efa3fcc5871d6789f725244465bcd6aa0e,1,
0xf972430a28140115844b2acb23e41fc6a3769e41,1,
0x26384c7b4620cc5595b3d25bd334b71d6cc313ff,1,
0xf6ae6a97ae4d6c0f9bb14ae78dcbdd9015571803,1,
0x06467e6565dba253163a35cfab1c7e95a5c9c833,1,
0x8c5c4294e15aa6499d0454c5274432f559964899,1,
0x73e47419a39bd7af0ba0b14c01d2302435784af1,1,
0xc851c83e912e704d6c7d8b3863b506ffe56b0711,1,
0x26eb1c0f70f7a3ab612befbbf4e738135c84fdea,1,
0x38c43905321cf0f7d7c6cda5ce635c62016662e1,1,
0x3b1b3edb62b527a134e5a7541f8231a3840486e1,1,
0x4774c2140f54dca848781c391e7f695a5ad38b2b,1,
0xec1e47007b6425ea163e1bada3e884d0bb282484,1,
0x2078d837d1a62dfa4d73abc940fe4b8528e51ee2,1,
0xd3e928c198f8d9d6468edfe8fb7a6a300ea86314,1,
0x8b5bce780ab3e1f374b9dc2436b468f3a908bcbe,1,
0x1805707dd1874c4147bea492ace0543b9e7b4dba,1,
0x7b0bc7beef78957689f6d96324f66bfe1a3a5df1,1,
0x098915e7f9a03d9d452a642f33a650430ae18c79,1,
0x25f4400bb5afa58784f418105eac61a3ced811df,1,
0xc469b48b1555f34426ea980d6cee472c4121961c,1,
0x9b68cd419ee93d5ae9f3502e6a051be98b573223,1,
0x6fdc27c0204184fe956a8c8a0a3b9bbc55800b3f,1,
0x5d331d778c0776dc42121f62964b854a0555157e,1,
0x6c81d809783583cd7b0afe01043cc79ab198ecfd,1,
0xe2bcab74729547a66c66a7d86b55b43e6506c347,1,
0x296e0c21db4061ebf971e55d5db85011e7ff9797,1,
0xf8c5da53b1bec27acad14ae52112fe6410b1fe31,1,
0x5c4111aefca017aeec7ee19e245ba03764a75a36,1,
0xa4ea2a1c54317b62a18a18e0d55b009a62a3ee3d,1,
0xf10413ce26eaa620bac83e11c2aea2360581d50d,1,
0x6a2a3aaca7ec56948f0f186333eec994e3d8789d,1,
0xbb8b4d64f99f714954522c3bfd21b1cb1a6de9d8,1,
0x395130c6144105d979277819173c65a282133020,1,
0x3d51cbfeaea061278d2b20b5da046869f29a20da,1,
0x0059ce7237e67f090e37af55bb4c3ca21cb0047e,1,
0xff53edf15fa098924137161e55952f80681d5310,1,
0x80cf5e211beca9d4e21e0db375477d35a229fd48,1,
0x9227dff3a69cac5bc42984256588c88d1581237b,1,
0xb9574d4de54b949b61a43dc3f05a48bf2b3f2b10,1,
0xb0aca5c69ca0054f92ef49e89b4ed590391796b6,1,
0x90082f3260a7963b1f9d20944acebb70d835bd84,1,
0x4ccb5ee636d71d9c3f2e66f2b1aa7ad8f0dee3c7,1,
0x4a253ce067875220f44938997dd58b93d02cb145,1,
0x880b2f858a7a45a5c25767b88b51e17af4b1dc1a,1,
0x6d4fc71819b1e418a02c3b3dd345a57d6eaef719,1,
0x724e991c833207bd571adeccb74c9497dc543f71,1,
0xa6221b7f4a9ad20a8c8233e43148b1c644dbd415,1,
0x66e7fd9081c2eb343511f001980b6b3575494518,1,
0xf7247434d02f6484c5d440100aa264cf66a4a718,1,
0xf92f3c61c7f7063d1dd3081c55e798e206fcd6b5,1,
0x50553392ea61103cc762f84ff8d622d7d93cabc3,1,
0xeb62143e84d138c81c93b32855b735ccc8a1eb1d,1,
0xbced1cf63b93833e092b24e93e125024f702edb0,1,
0x9ce8a0239e54245143169ea6109541fd9755e550,1,
0xb96cdfb0486bf4c6ef558558dc351883bec7d263,1,
0xdbd9d1e5742dbf471f6f63d5b02a7382b4fef151,1,
0x92cdba52de347d47d045518077f7a4d07be304b5,1,
0xafeeeaa59c0d099ab957a428fa55f546d28fbdb0,1,
0x402cea4ac35c412955ae3d4d447e00ac84c15481,1,
0x6fd8fba3d0bf6af94ce9db4d7341f20dcb1fe618,1,
0xfb15339d187a76af62698f73d700e1f8536f03bd,1,
0x108486a97efb3c1b69915ae707512771226e678a,1,
0xe898d736aa0ad41fc97a4b390c1db534e1aba440,1,
0xc03e498be8a5321ee5f5b3f8519002d092114f48,1,
0x833bf8d3760b38e5fc26bfda6114957d0cdfc01a,1,
0x39d597363ce78c2ba605b12dc40db320193c4597,1,
0xef84098d14b86b022f16c20da6b21011ce4961bd,1,
0xa6459fd189568b8fcee399ef1811f39c878c32bf,1,
0x6d4eacc714eb837f7f125697030f6abb79b96d5c,1,
0x4c54f970a1522c77c3ae83ac7b87c20de4fc5a2e,1,
0x31389179bb380706b6e3892b279bc2805bdf4c4d,1,
0x4128e000b84ce2a5aedab2ccd99f0ffe33e80484,1,
0xb6636526c005a7c493b360ba141694f9e493182e,1,
0xe186576b814b28beb9cc594b1e1322d95ddec650,1,
0x71b67a47dcbbaf5807df875393f5c95157e06420,1,
0x43a183ba680c4e801378c2aa20649ea42f298a64,1,
0x601c268d2bf6febd2eca743c6691b730357d8807,1,
0xe6b8f77e3b80a8da3cdd12fdbbbb14510d421ce3,1,
0x9bb9b1fc128ca59a722f8d4fdf8faca7d779adbe,1,
0xf109367d4ace9ae46031b69edd5412f892d3d1d7,1,
0x76e4f864bbeb60bee66ff5bbcd32decaf7fbde71,1,
0x80cc5f640be566b46fdd16c082fc8f32ede9b02b,1,
0x6f9e9705d91b0905b3d81e5e998b2ff2e69c4104,1,
0x06728df3afe22105f6404a7313bcddcc487952d9,1,
0x7e4009b2b9fe8aec81571e2f7362c7cdc278541d,1,
0x97f0633fc2d1a74404f7e5b114c08b38a3f4a9ba,1,
0x2510b8cd993cf9d72f8fc7deadf88be1a5733d72,1,
0x6494c1e42d16c6c523bae6162261e6380211cf46,1,
0x4729b051a65a3fa29a789c3246ff4bcf873fb6c3,1,
0x7338e903cf3907f4911b94c69a5b26ab9422bcf7,1,
0x0bc0638aa00f6cf3a45b4ccabc191ac7d2d0c785,1,
0x2f5fc65b9c6d1fee8ba4ca23fb2d7c363c95133c,1,
0x9a7baf121576f6eb009c36a2fd9380ebd0b44e70,1,
0x3d1e10eec9256f832a46f3f8adac60c7a80828b6,1,
0x131a5300b392fba3bd17e5bc1f14e8863e61f6a4,1,
0x62884b81dcd2c030f3d751dd6f1a7766a82778ba,1,
0xe9452ed2724c08cbce6122f7c429785777b01935,1,
0x011bc8f6a250b1405a96658ce5c110e8991cc700,1,
0xa4454ade45cb368a8941191af9ecb55374f4ff0e,1,
0x4201df0e89d9dc54eabf47c0f14ea3b9550cd101,1,
0xcb927731f27898b30ad85964f9c5b784772cb924,1,
0xc9d15f4e6f1b37cbf0e8068ff84b5282edef9707,1,
0x94c756a502e702b14aeaea6763a3474999f34bec,1,
0xabd263d64781a01fe3d9b17f12fc95f6fccb2943,1,
0xde65efd2d2ddadfd24493713383d2b8664fda195,1,
0x40eb1a4d5abdd052cfaffa648356d55e002f57d4,1,
0xf436f85a9c26fc71afff2e9dd36c0eee66b8e1de,1,
0xb3f3c3261c0f4baaf75221ed121507464336a783,1,
0x7b8cfa6c487faf86c28fcfc39468b870ce08089c,1,
0xfadb20166f7b5c7be23f7b2f390fc81a2ecff7cf,1,
0xd1bb75c941b7534a9c5216b9c3c6a174f136472d,1,
0xb47eeaeeaac81e315005ad1e03488e9181dc2007,1,
0x871e527feb155e5ee0c638fa841eb457340bde45,1,
0x7b410622171f4501542d4c6d2db060c57f84f365,1,
0x7511ec0e7a8e2e0e826f28c1bc72befd84ea3e21,1,
0xdde39a0150a5fb4a92cf2936d5c5428687335a15,1,
0xf35bef20d8341ed5bd8f5b835f1ef9a7c5927718,1,
0x448344b26410263cc7e868a83369d7da24c6007b,1,
0x9f81dee05c1fe2ce3aa2d8d22f59f13e5259db49,1,
0x2e52490ca4be4e7b887c5fac1f6749e64e34849d,1,
0x41f5703786ad0344a0a8b50b87cebd65ee2cacca,1,
0x05cdb88b63e609c0fd52a6a9d346b5698ff6f711,1,
0x4c2cc4f52942b65f6c8c83ed209f09dfbf23b517,1,
0xc7e5e8797c95d38ad731e3a73f138cc934781034,1,
0x688e2b2b83e60d97f259f2ef39d7b4fb81a6d64f,1,
0xcfe0cf0997c6edf8bfbf442e578653fe9ce248f9,1,
0xae2ca483bb3c96fa54e1222817084276b78f57af,1,
0x8f5c7cef4d9c6dae6fa645ca41b3a8c6ca2bafb8,1,
0x3caaffbaf2816329a311ffd362b00c67f0d94c41,1,
0xf0964230f94b58811722212b8bed150ba888c856,1,
0x224f58278e240031ae0474dcb5633701152d005d,1,
0x531da33fe8c68c186b4eda9f8ee2f1cfb3893e4a,1,
0x9ce1bd85d18986d311b67182f2d6ecf6e583cf5b,1,
0x51c67f2c640c33ad6e3aa812b2efba4490b54be8,1,
0x6b7cf8d60765d8a50df57f8228be215c202a3149,1,
0xaa47eada6c46aace0cf6e97959735f9bb9427d3f,1,
0xa7f89555236aa2c814cfb65fd92308bdb2587584,1,
0x9b1f661c5552a5a441b767a6286bf2b975da425c,1,
0xd038b0e055829d67aae4636a2a68b631dcc169e2,1,
0xbb1092d5e1ee82aacabe5b58c56a1186a4ca48cf,1,
0x990c44410dfd0eaba5b096a1843d785e53af14cc,1,
0xec81702e7ac381d5869029fb9df1d881d7a25abd,1,
0xdcc19e312fbb1198caca5b2cd9c12325915a4a27,1,
0xc0ca25cdab82d32bb7db3b7f12b4489718d9ac1c,1,
0x1e7d75e49e0236d9d27aa93ab1dff7aac523499c,1,
0x1b4216cab384e5603e377771cf7b2ca5e2edf22e,1,
0x9a8828e66dc873639d7595549ffe2719282d0fd2,1,
0x4c7b7d44b696a99ff8070c4cf1b67f4b45b3c567,1,
0xf6c3de06d433d48bc984c1af76ae6871960396d3,1,
0xfb4a7f3b61e66f2ffce84415eb39aaf3ab2a024c,1,
0xa4464d715844a06b44c103011018f4e3bbd75be6,1,
0x0ab71c08687ad6248b76d3f7e799fc6f339f6625,1,
0xa869cf3aeed80c2f800d6de265eb8cd4eac7ea4e,1,
0x2dcee554314d55cd93e7a9cdb22d07c0a51b4288,1,
0x16a945c1f2d35d485034e1e0b5ef7eac6e17266e,1,
0xd976d3cc17d109889037175b2472af6ca970302d,1,
0xe3c862213b5a46dd3e6b74725780258a6845ad60,1,
0xd77b5760eb9f4b59d3e3be66667329a0c1836390,1,
0x43b5fbcada8471f8d80c15d40b4c8303d7313114,1,
0x63933185216a1abd8b0da72d166265b116ee1c91,1,
0x0cd60e6c7f68ea738d930757033561a36ce17d85,1,
0x58bec1462e6fc1b3d25f3a5ced150e40aaa72ec5,1,
0x30c0994b0b454ff3ba1606bce6e67d54701b24d7,1,
0x4b0c986af2c6546d321785e17498bd93430a66dc,1,
0x21870f819b873b2f7e424aaf84effe49fc9e0012,1,
0xffd5032c66a05bc33cabce9583427c79b31e776a,1,
0x67c93e334a7920d24176273d7c8dc616bc862aac,1,
0xb7817768d24f695071e6673797667e79460d92cb,1,
0x6501dba8615f6e0b5625acb3e7472631bfa186d7,1,
0x7a05482606478cc539ad385f47e1d222f46513cd,1,
0x45c2e0e5f50a407681e9bba2fe416467a6c6f7c0,1,
0x1f8a14ed463b05499f5e2f1aa22906feb2cd09d4,1,
0x4d02af17a29cda77416a1f60eae9092bb6d9c026,1,
0xe799dcd99e9fb68c67fcedb25655401e6f7923d4,1,
0xe934916af0d54b5f51e3825704b9ff0f61fb1829,1,
0x38ec334758f171e9f7ba5581ab6e2e8b32a460bc,1,
0x7f2c7c40da9b5ce569706fa5340e7dd750a8eb44,1,
0xaebc3f60cba2006fbb6b93b42229fc0db4803e63,1,
0x84c9c7dc5091ad2cd6a196cd86581d3a71d551fa,1,
0x0cd462c585cb8fb3e24bddd8601b115427fe5a6e,1,
0x9e650887378a7a87ded7ce5236da17abda4f7efa,1,
0x2807c205bedc4361d913eabd02d30f4a0d64e559,1,
0xc208dba80206c0f79afc8513f1ad0e14d488a42a,1,
0x3680a8a001a3b992d16c2e7885a573ab218fa04e,1,
0xc6297fb2f3e1d7ece12c3fa78195b9f594172f04,1,
0x3ffd508b405e36017b41c32af6fceeb3dead0315,1,
0x218aebe8440674a0d6e4a9ee18154a2da645b163,1,
0xd35d3910748ef1dce68dfee0900b1f8fd434f384,1,
0x6dc537d6e2b7cc65df867036aeda5d9f993f1fb5,1,
0xd96a6e34a49c420a4e5457274de36637b276667a,1,
0x602950b1334e55e8e7b9f2486fde85376162ea98,1,
0x1730cfb423bc26ce760072b5998f007f2905bf9d,1,
0xad2a43f50f2ea965340fb23bb630de0d0c176cdc,1,
0xb830f8b3317d14fc1fb83bf1c458ef8897f54918,1,
0xc65aa07a7134b08a558cbc29aba93cebdfb02a33,1,
0x528f3840fbad570d84d9b42e00dc3ad0bccd7432,1,
0x4d1cfc07fabe56fb6ceb7d1bd0dd31880ee29bf8,1,
0xba0a5eb49917e62a268083ac63c98b1e2ae90f3a,1,
0xea018afd1fbae284b2e620557a5b493004f99d21,1,
0xa35052158dfcad805b7faa4ea63225eb39f07678,1,
0x06838bdd2cac69965bbfe872987ee6a8096a16d4,1,
0x5259e022cd88761eabf328f29aab25a123112c8a,1,
0xa460bb1d4aa3fe82fafc285404d5845980d2a808,1,
0x128fe2989e1827d16bd9ccfdfd107f937f0095a8,1,
0x2cbb5cbafc00a45022c1ff8a2db02fc39a180fd5,1,
0x7be2df0ec3e0cd8348c5675dc3c022e7161567b6,1,
0x4a1216aede1781c7eccb1aa27ff0e34f8e7e709d,1,
0x21d90e6f18f3848d9e45f34bdb4dfdde3fa09d1a,1,
0x9e4c2288dd220b7f5f82816a98f317924a6e0408,1,
0xef69dad7aea8c312c83d1e8057852b6ae3c1ea7c,1,
0xef1bb247976857f53744e883a2282bf88df452a5,1,
0x6b0ff6219b8dc970d04f3a5b272d00f83242db94,1,
0x3e2f6cc4360d34feca4d2bc33b7644fd4b6956d0,1,
0x8d8bfa8cdf72076df6d7df34d7b0758b47f3ed19,1,
0xcb6d1c70f4b9226dd5ab2166cedb4247fef8599e,1,
0x68f967f5b64d42f618ae1976bddd011b74317c38,1,
0x5959d0d239b0bbed7bda1d9ca74b4f3b696a92ef,1,
0x5d2e1d664e6e45961cf853ff415d7418943b003d,1,
0x971106acef7a7d377cd5a58af4f3a059bf40f9b9,1,
0xe79f6a370a64bb9b8c311d2e60e954ece0d6c4ff,1,
0x818c69a3f3bd436087ec101f0ff8aa2d3cd35e62,1,
0xfb8cac228498e83d13a27eaf81097c44f0dc7f64,1,
0xcf5fafe700fce74cdbb336e07689758969d07dee,1,
0x55fe0d232775c6d878a4efc8c01a411f3aa6b58c,1,
0x49bb60685bb53b97c900b6c51767476f9615868e,1,
0xd9033a14eac4132fd86bd2826ec9e21d185c8fb8,1,
0xef1a0f3c1405fcffad664cb7f799bf335e7fbfaa,1,
0x28b648b24705af939f49f86ffe54cbb526c2a1c6,1,
0xfaa889c6f550f78ac9d6a77691ff8665d8b58b2a,1,
0x19b53708ef717b27948944e8fe6908c469b23513,1,
0x3b3e116b397fc750d1b316112c6c65dfe2592269,1,
0x81902cd702a8abd9e22eb9c84ef35ddc0d46df95,1,
0x3e58d01e3cb971db3fa775ac6e6d3a5d27b57b85,1,
0xd96e09913ee3e3afafe0921e2baf973aac8483d9,1,
0xf5d0318692f822680b733955828a25507f031c95,1,
0x0a7a3f31558f02e2c5c286b72085f43f9df4ce3a,1,
0x63be47625c7acd531d0e0bd35abfbd4573013295,1,
0x7286d72b330cad0b959f4429cbc74b951df4ba43,1,
0x901e4c7c63c611b59b8e46669a7a247589f030a9,1,
0x2f533d85a862a64b3d693ae9e6f3a5264c531b63,1,
0x3e2f18e12fa3de657ce80e603ebd120443d77523,1,
0x2eb8aa11450e331ed1603097c1bee5c97dbed92f,1,
0x880e14298dd46418806f7b5e12b92aa9873bb5d4,1,
0x5563a276cc6bde7b38ec472ba055ce606cf6a8da,1,
0x2de6590dea6ff917b70447f64ce3c926d071bbbc,1,
0x31e01a9b0796e131b5661eeaeb93981315b7d8d5,1,
0x9695cfddea925e36dc656dd2d078019e14a95ac1,1,
0x2177c53be0e4e3a9fd71bca0b3e184832028ec44,1,
0x244c7562bbb76566dc81fd16b62c2bbc295f3737,1,
0xab6eb999792acc0cb15bd82ca5ff7e3ab0009be6,1,
0x019c0e594bba332035c97182b7a9351d9df52ef0,1,
0xfa75151a9cb15b861706a3396ed76453853019e5,1,
0xcbf4f0f7d1fecf82350509c740222be0824bb769,1,
0x4c5558b6e05adc6798c9f8e7959f42ba7b0d0940,1,
0x4a98260ef060a866d8900caeca5d196e7b122d4f,1,
0x2c0316ccd8d58f9b76b92b8bbfafca9219c498e5,1,
0x26fd02908adc0df38d33c9d36f02ae5fe847362a,1,
0xc99217e3b3a96d51edd014d98f5af021fb6b0b2d,1,
0x6998f0f13a298612fef994d43b85adf4e6df2356,1,
0xe6666cd611439a9a3500e8c0e14670dfbb5027c5,1,
0x02f8a8a0ff36cd0eb55f00120a50101441b598c8,1,
0x327f36e2cb89237306fbe826fc773eecc17a12ba,1,
0x4279fb44027c4122bad24017dd78d6fb6333c88b,1,
0x0202084e3a7f103e3b9731654b9d59c76bab518d,1,
0xf4bfb4a49a7ec689df9f213f533dd3e1ee828201,1,
0x7b9fdeb5983d4d88612a789831483c5b04b03b1a,1,
0x6477eeba8a9898607160ab637078d82328a96486,1,
0xb3402c396e305d85487f855ab4131906dd01e9c5,1,
0x39555c88dd5a59a4556a3658c89f3dfc7df03ad2,1,
0xb7d517fab6efec8c689d3c9db5cff50d3f947ba1,1,
0xff84620d77927460a780e20897058b0390a69748,1,
0x264ad1d4dd07446d04bcf3c29db8745c951ce949,1,
0x885b8a69995d7fe141472f4db1ff8df061a0e066,1,
0xcfbba9a5f0876cd6cef321ff2b3f53d5b8518333,1,
0x5dc1b6fdb3a6d3c241890915e8c81a08fa243f79,1,
0xaaa2b7c6a0107f767d9bc5a87959bf04ccbe6ac2,1,
0xcd041ba479812a3fb310f9553ce57830cb2e351d,1,
0x9df0936c2ff484cbc41573d1d1b3eb1816cfcbfa,1,
0xc5de1beff4c2b8f959c4b1859bc490c4216d3d29,1,
0xee2291ea6c27786a220d7368ca32057b6f3260f4,1,
0xe0cdfa359387d8d995524c6e56c689dc501a5524,1,
0xc42298be0361ad3b28111be7e6b0b5cdabd22843,1,
0x09dba185be1fc473e11680a6f0a55c24cd14fa2e,1,
0x90cd19eff20e9608fe6a1e105d6cbf8e3fa6979d,1,
0xc044282f35f0aaed53c530ee226698ae9cc0ab51,1,
0x10015c5e7d174753c22e04069a343a9233cd8f1a,1,
0x8da03464ac5d02fdf59ffe9d15861fac3ad09f25,1,
0x002cfe0602d4f886aee036c9c43627a9b4498b51,1,
0x015d9f64a51c26aa0d64dcdfd68ef78f41952ecf,1,
0x6e914062ff7a34a4839a1a69a47bf6c8773b1437,1,
0x4d87f05abb7ab6dc36a1cd956e15f28dfa2f381e,1,
0x3539580eef6aea74f540bbc081ad60ccf9e5ee94,1,
0xc4735b87dfb6c7cc3651677651e4bf139b27cc59,1,
0x649ee0647f19158183c5649f121e321dc00ed183,1,
0x81df44d2abf3b8a2a2b06c05710f3536b6743adb,1,
0xdff5dd073685f8801bbc4cc248d76a62c1c7a9a8,1,
0x9206788f38584eabab12d5302337ab31ea0eb118,1,
0x31e73d65e715fc80469edc3c3fec77e9478097be,1,
0x9dbb6c0acf8878d8c969eb2a008ea592df2f3fa9,1,
0xbd3e9294c467daf22440437426110f733b08ee51,1,
0x2db35527a753850b4396367a03fa834d13a32f10,1,
0xe93bad1ced0d19a91aa4de6d682ef3942e2ffc1f,1,
0x81a4cb704f043fc310671ce13f0c54425c2f4191,1,
0xe31959882e951c2895c0fd0f1d28215ca917aa8a,1,
0xa94556705952853fb614792e281927614f07ff6a,1,
0xdec539e7d2b23919c5b8ec5840dab226d65bc0db,1,
0x373999b86f403349ce05130e8b1813711363c4d0,1,
0xff51838ec6df23f6d293a3e7b8b96c3707bc9fc8,1,
0x1cead3374a856061be00f5c6d2a035eedf1c3c76,1,
0x90a42b84329ab98da7f63b517c4c5edea0e1033f,1,
0x0eef91aa38f034760feb216af4e6be2cb18a3b01,1,
0x3d0d2804930342c4d2059187292a5eac2dc8ef2b,1,
0x2bfb71ad67f2edfc21c3818e18c0e708222b0671,1,
0xfbd1e90239a071f1043a8468a29315933859ee04,1,
0xe877e6bff8613754b747bce93ebfe2c57b6aa2d6,1,
0xb3384ebd56b9e7265d8ab94f17563f2cc71154b3,1,
0x2512863331504683692da4b6748a11120d8aa919,1,
0x6b0b333ac333457b675441de46298f17fa75bfab,1,
0xac0a1d8d5301089e98ff41a2608a5ffe1427b7c6,1,
0xec6224b603dc0c9f7185a80a1dcef2a8d6574191,1,
0x49b64f5e1d2bf7f6b9d753335bc9b54898d65dfe,1,
0xcf65b9ac139042cdc68f65bff784953271a13bd7,1,
0xfaa1a9262b774c4d93abae5f14fa89ca3369432a,1,
0xb1ba679730ef65a6a001efc273a557732c6c4c35,1,
0x7a9cfbe245101b3fed8e74aad121deeca6acf224,1,
0x662de13196074112f889f9a5d2e313c89cd4333b,1,
0xd489ce6aca3c6f099688fce2e3869839e000c3e2,1,
0xebf367eda8fef77507c4b278cf822e50397d6fed,1,
0x1628057aead1f498da203205e8df2fe7d324624e,1,
0xf826109f64c871c15702b7b9a67773e00fc768d2,1,
0x413e71b775e8325c2547f9be88b51d61da255baa,1,
0xfb9b3f93973da37723b623b6ebd72dc1c7c8897e,1,
0x047bb962cd288384e0cf4f408ad44f7de0145ef3,1,
0xaea5550d7d6bffb8decbe82954f5a72feca78de5,1,
0xee46c27e32aff75c54fb054ec801fe22f44fb67f,1,
0xa5c8229a246e8baf75ee9d0476fc5c6a10252dd6,1,
0xa5e30a54c898ab5ed4d30dcc4b2a921d4e2dc226,1,
0x6cd8a57f2fd57bbb258819a128544e6e714ebafe,1,
0x59d3267c84394d8980329e53645536e68bbbfd7d,1,
0x4237c8e906f52bf25626df2dbaa9aed1e6acf67b,1,
0x935002cd69a3e6fb7291845a3cf6348298ddf3b2,1,
0x485c0721293c3e7fcd88a80be3dcc64c9cd4c4b0,1,
0xc480abab3b49b5905ba6325412cb752fbec8b06d,1,
0xdc8bc3cf68d0f518b35cf461cb3da87ac2d34ba6,1,
0x281fff11bc81cbd98ebdd45276863e1e3721dfc4,1,
0x800b706996093b1a9bbb303343548696ef1efd7a,1,
0x4417a0d408a33e95b191041fb830a3dd358a2273,1,
0x33f580a02f44c9ff6a02913e2cd5468ffaee3147,1,
0x76d2ddce6b781e66c4b184c82fbf4f94346cfb0d,1,
0x8fb19dd838a0a35c971e0bd19977404827e0abd1,1,
0x09b25ea17a192a096d1ee980ed89b09425d6bd64,1,
0x789fa1b1835afcd472d19b23ef4c757818f2f26f,1,
0x987223d60e25269e82f6fa2348c218bea118f31c,1,
0x3b5147020047d0acd75e768a67b96e4b54e27221,1,
0x0943f00da86e8c38ea929fbf652d1e720ffd0865,1,
0x5ab42c6b648bce3453503429138168c163b9ddf0,1,
0x28ffc837a72d93ce7e6cfa08ea23c0733d6419d1,1,
0x16d36be56f7c7a47a3108b892f895da96aa36c94,1,
0xe88e228d939408613dc296f8dae43a9220acb5a7,1,
0x6111228851d71a8dd5c7c97477e963f265656986,1,
0x0eb0ddfb4350bae7435acd27504926204235a9de,1,
0xe14aa4228bbcbf44119dd783e4db7f84016cc337,1,
0xeb5ca45c617ee234447da09ce4d267d1aa371e82,1,
0x1eb7d411f416946e33d9856bbf00d5886a6c3a66,1,
0xacb940ce2529fef4c6f24e099b981895c8969bd5,1,
0x9369f43a49a78131ea93e58eacc3bb83ed4038ed,1,
0x5ba7ac836a18b253ae51b30b3f25e234564f4c73,1,
0x2a2b5ee4240bd0d7cc6b42248576609196536e3e,1,
0xb260669eb9471f8e1cac9f2897ff70e806e21af2,1,
0x6a1cf74b49382630437a9e30e1ad159f7ed2a58c,1,
0x4096d69dee9ebdbe23c939a241660f7861e0a223,1,
0x5ec789dd3d81341397b81f9b8848436ae108e6b3,1,
0xa12069fd34471ab7fca6f9d305d11d74458d9337,1,
0x89c73c95cab9298ecf2618791d1765650ac7c436,1,
0xc8f20b76e532a534d4849bdb8a27b96d7ada41ce,1,
0x0c2c40f59d416d17879508fb977aabf05c7a51f6,1,
0xac0d880cfc60204f21b9189147d6929ee268d92d,1,
0xc351863db228984616eee6eeb2ebd6909ac622dc,1,
0x8153efd708dda27549385c20dbf1b84512a4a616,1,
0x403864ad362c0c39fe13be720ed6ea21107653a1,1,
0x988c6a8ca1bcb0f0d1ebff678894b1a6ce0ff2d9,1,
0xef5c2fd73e55dde74334cea3171ce6cdc8824d52,1,
0xe2a449ac6973b3075442f9ebfdecc09e351e3ff6,1,
0xa5b2a355766ef892633205d0f1854e6f4251c778,1,
0x9129aff5e78182d81933ac7577ab75334051560a,1,
0x73932f9c2cb0ca969901bb7efe867df1125e7525,1,
0xc7461c16f101ccd03e026814ad91cddc2cfbafbb,1,
0xdfae4c8503968343a9238b162d360535349fbec6,1,
0x484c85be1cdb3263448c9a2080f8edef07a93a8b,1,
0x8dd9216435ab38edc3812aa14dcc8fc54a52da83,1,
0x15ca03eef77370e8f8464219dbbc93415bc4b8d7,1,
0x4a5694dc3682cedb3864f0e3f6cea08592746da4,1,
0xe79806cb3969962e49c09157e27f77e252bf1e0a,1,
0xbd340ba1b40b13dce47222b3507a4e80632ced32,1,
0x738f0cee2e160178cd61c1792adcfdb8de10e6de,1,
0x42db18d76f0cde2a2c6115017f177fffae4d5409,1,
0x81ba93b26bce8ca5d649b6607df15e6d45462d8f,1,
0x682317ef7e3bbc214b6fbdfae5ffd7b13c07a4b9,1,
0xf3948a19a19e56220560c19a498471dccf6f1b66,1,
0x2f19bab454c95df112f95091484e3fbc970b9768,1,
0x64c57ba95cfb5f3bc3ad9c4ce0a1e9fb8ba311d5,1,
0x80c6003c5fd3998f18b14e3c23eedafef85cc237,1,
0x9c25a30b027845e2812ae390ae9380557f4c8ee4,1,
0x5ba5a9d0e3a645780a6cb74584d7b54e72dbaa85,1,
0x2c81efd9c410678217e22435f070ddc998eb0d75,1,
0x495aa6bcdf50c3e8673c02dd83a627b8d75c68bd,1,
0xb694a38be2a9fdd8bb199f3158b9c701747a0a8a,1,
0x1f3d191835dc1593546dba2fc8e22dc37fab7fd9,1,
0xa1e3937d37cd6907ecc5f1cf18ff522d4f869cae,1,
0x79a3aa7470f7cbf8d72d188eb84f5246645e0593,1,
0x6a9fd3fbce86d1ba217288c1c9303649091b7729,1,
0xa3e0c35146dfdb5175536841d7fdae792efdd8ce,1,
0xa4b6a39f3af546509728877edb9651e574d53ccf,1,
0x85ec7e00f664d344651da8b6a818df0f18986d47,1,
0xba8abcc3c50182fcd87e04f65029e0787e88bac4,1,
0x3e036df878261aa41d56f98937d3b0330f12a96d,1,
0x63c465fe6db243be1973aa56cfcf3f34bd1a9352,1,
0x877cd2bdd0f6d9362f84ac9cd264af9e5f8a74d1,1,
0x4d8eecd352a245554811814fcf055827494fb4a8,1,
0xe6146c951d9eac9c2fc61714a2cf5dcbb0234c72,1,
0x43c845c2ef3cdaef5e0ba40cac7437384bce4a3d,1,
0xe3f8af71f5145a999e85f366b0830cabe32f4884,1,
0x7ed1665d06e7b64acefe357fe5f21e4cac20e047,1,
0x730a4924d660932b66b2f0c2cf4e620bc49089ef,1,
0x6a7579b38172ea009eed4c9090a7cd7b3ad9b6ce,1,
0x5857ab74b058ed3a118e889eae8c2fa6382c03f1,1,
0x291987803baf380cde3e3e285b9aca5caf60a3c5,1,
0x722db57f7f9afc6fab9d7370b8fce552e962748e,1,
0x96f961dc7963f3cdefa27bbce6cdc3bc3f26842a,1,
0x3752761ad6aa9e1231ae4631c6f13206aa58ee09,1,
0xa65f292a89ff42cc7b38c7a33549b4fafb84c98d,1,
0x820afb7aab3869fef2d2b21b4393715e3423ba0d,1,
0x67eaa8305a45707b4f9130abb72b28f9d6cf534c,1,
0x79c1e502c1e02e37ad0e40fe7758e8e66aa2a5d9,1,
0xf67cd4241d19fd32668a393406d814cec2b93e18,1,
0x9cc4c9eadfacc44d2ae75f93cd5f25ee8bdc2624,1,
0x5cc70992d62d7ec0c0ba66d61889a21edf2d8c44,1,
0x97b3ba3ed727082aeefc30f46f7d648938a06d39,1,
0x96e99a4ce092406b8c54fed16806a7d6e4c028e6,1,
0x6e3f91167208eb94c5092575cef436d8358c767b,1,
0xdaf35c56394eca25f332923df94255ce63212d0d,1,
0xf16e9a5d117e0f6de416779942d943365321cfca,1,
0x45c5e241124f81622629811dc92658f90654f414,1,
0x0166055a458694c27a1fefe05904a8c679591e34,1,
0x04412b7665d247a9ab698f3f3cff4a3296a55c45,1,
0x5a86ca02df27456a23c47682835bd3b80f87b3a5,1,
0x2620e2d2886733430b5b83d087b1248855685691,1,
0x403f620b8bad3d09b3209643f46c22981c78cac7,1,
0x61074adb25e144aaf8b73dd524cdbf4a429407c0,1,
0xe874ed7d1581d62def0c75a87b7a11c5d71995bb,1,
0xa27ea09e2d0c85d72a44516387341b494ec475eb,1,
0x3df6fedbf3ed9e580cbf573d712b5cbb725bb2a7,1,
0x6c0713cf57e84eaff03b15d13029c737ab753340,1,
0x96ef9f6b24702208051256bc9efbfa3cf8f77fa6,1,
0xb17f2edf9b3fbcb83b695fe109d07169df6f6a94,1,
0x2dc2dd72e639fb62ad90f61164a6919baff69f02,1,
0x1eda14da76e7e56dc001d9d1a47cae888fd14e5b,1,
0xd05243ddec18497c6e44664943b985a8f60ad42d,1,
0xa4023dc79111202210fdfe1571d440701ca08857,1,
0xbbb2317565abfefeeb2501c497888e48e64fbd7a,1,
0x6d394dbcea4cbf7633ecedb61b9c78c60fec2af3,1,
0x4c54d8eec737ca6db9474e2958c17d065f19b196,1,
0xea500fbb04c5c098dc119d2151e09f02553e1b7f,1,
0x03f25e1af06e539a0c0b8390eb56b3f4d3d65577,1,
0x740e6f7240870cc84b585cce99a43f809a1a20bb,1,
0xd383cd7f9ec4ab2982509073263f625669562610,1,
0xc9d611489bd9fbd077b693516a51822986e82cf7,1,
0x043aacf81a1b1736e148d9fed3859867ce3c5bce,1,
0x70e9a1f35532db34222db4db6aa71d1f181e7881,1,
0x59b283684e8430a292d8d40ea12e059435e09ae4,1,
0xaf061361024ebfbd7ca4d23b670349200a3a80fd,1,
0xfff9c488f82fcc3a1a99f595144ae02fa06e8e3a,1,
0xab88a0af44b81e0061e834f13e62f7367cecda44,1,
0xebe5a61beac6849ec68b8e8578de73c31d841164,1,
0x3884b435db633c6bb004e77bdfa8e13e69138f73,1,
0x7663697900dd93a6d4722bc150d8e3a03c7b4866,1,
0x3416baba090f1fb87998f73fe1ae625f38865a64,1,
0x42280e048125eedd8adc22384017dfb88df896bf,1,
0x1daee58a6b1b75f99327ebe9fbfa0652feb82aae,1,
0x2513b65d624cd086a9faa1b1465de6a0835818a7,1,
0x5a8e4ec3c2fe1f3369d0704acbad5cb34d00caa1,1,
0xf0b131a9eaa9e2c8f1d26d200d47bc1eda50fb66,1,
0x235fb978fce02c0d4f712da59af9ac730ca86372,1,
0x2f53f31275d083ed32c828fa466912f891eaebdf,1,
0x2ccb59acd48133bc84658019e32622d5eed91ddc,1,
0x6ff28f4c5ae682dcfe0f45a290dd0de23f324f70,1,
0xe74c5fa7afc455415691dcaca0392ac39ad1e6f5,1,
0xb0bcfde547e15c48fefeed2cc021f030de4f317e,1,
0xc5911f9cf57d3cc21747b5014a796fcb88e8b70d,1,
0x74fd108e59f6aae4e1f363c39edaf639ad70ead2,1,
0x8e06311713b4b7f2ffd0659976c85a6d647a1b36,1,
0x84eafe6db7f7a16a58ead14b58215fe87fdbc589,1,
0x74c782c7b4f8618c4a4b1023fb955d8e3964a642,1,
0x3a746ac63a5b17bf9ce0af4419f9a484c0d1da39,1,
0x8a7fd3eb9e41b3dd1b37f853b7a5252c59a782fd,1,
0x25499543f0d495b4a1dc2bc82ec5acccc39d31d4,1,
0xe2a835ca86dcfea83c93a6c636192a730c0b5651,1,
0xc4a11f299f46b9cf8c7c2a3e16fc636a45692e82,1,
0xade67e5b8ddba109c3358a922425df9321266b0a,1,
0x7a5fedc2fed4acf95c5f0796ef149fd133377637,1,
0x8c92abe4c3fd2f26f44679884d867095469796de,1,
0x4cc23ff8d60d12a119949cbc856d8aa81f610cf0,1,
0xe889e34751c92b0c15abf61597e8682611f94f6d,1,
0x7bf28d75b4179dd6a0000c66f6b2c0502efd0b78,1,
0x4a82796414084068156335a3414d456ad7745154,1,
0xe5a8929c08dc8382d9e9f7d3c2f5e122e3e42315,1,
0x6a018ad51de844243ce7fb743c3e5f4481df6858,1,
0x7b692fde1099fbaa6847163cd0fd33734fb807ec,1,
0x02af8a3ce109a57f07025751601c803130b7009d,1,
0xd60fabd72d787b37ce36980ff43fb19927d3a8d7,1,
0x2e97a15025feb5659c71b821a694b5a912a54def,1,
0x172e54a4eb6ae9f28a6b9290eb23d8e6c91a3905,1,
0x0ba2ad752e759c7e8932d95c29894d3953f24777,1,
0x0f9690b94eb3d0b73fe7cef5431fde121dd10a01,1,
0x5ab0ef9fbc236481ca6f2f944bc1db42296452d4,1,
0xf4c16263f2b1f4b97e5397cfacc1445d18722366,1,
0x3dbcc382982498b320c5b9021a6eab38af22b303,1,
0xb00d51d3992bc412f783d0e21edcf952ce651d91,1,
0x2f930c48319a3f6aef8a50587c5ddb7c40421383,1,
0x915d372f1b56877b8af48a170f88fae0bc2e453c,1,
0x38953529c54ca374b876ad9c45a761e490575954,1,
0x983d0be7dac7157904b08dd2607966a5afccac1c,1,
0x2bb84dc376bbcb1de75bd2310bb473206e9fc8fd,1,
0x92778b744c7ab65b3ccbc4fadba7c37b324bd091,1,
0xe2862ae22eab54d8de68dd14f8a2304a919cc076,1,
0x8b5776a44f0e18c1ca01d70647073b8e085f3acc,1,
0x78d395a7f3ab8f4ccc8c0b71776852101c821dcd,1,
0xa75cac7b3aec9110b4267d3f34a3b90457f48ba6,1,
0x04ee22568b4abbff87a6827bc4f801b81d99146b,1,
0xb06735a84748cc8679df070b0c93f66de0556256,1,
0xc59338cfdce09dd403d9a214249d9911fe5d8a1c,1,
0xdc2743cf9afd3b7f3c0a49594099749271925767,1,
0xd9c47d2b145b65c4472a25e40a0c2d5987097e90,1,
0xcb9ecd8d087940125a2653e40766d8fa48cecadb,1,
0x9fadc3478030c9d99f482ddf56104939af3f65fa,1,
0x7471658bd0203a64e23494fe5e624f52c1dde67d,1,
0xa63929ccdd2243246cc529e2535a1995828b3d6e,1,
0x57a02e77fc4d41ca808959850f2dd23f2df4a72a,1,
0x1105d2bdbfbc8b52fef392ab97496e2f484d7fd1,1,
0xafbf81e3116cc49e3108256171fb53d39b0cea82,1,
0x1647eee326e25f3159a759a4bd6fc6a6baed9a26,1,
0x719cf470b45883611df4aba9233de528850e928b,1,
0x338b48dd6dc3728bca1ccc060b60417275ad87dd,1,
0xa3ea91b1071f08b90241377eb4e229eba48f38cc,1,
0xd5643a9c241dfa636c171f19e086c3186cd8d3af,1,
0x1c65b333dfb1acc18c96fc5469040b222dbe548a,1,
0x72741b5845500667aa47c0d5bacd2613c41b7d2e,1,
0x43533091bf22f5647718c5cffc65af2d27d879c8,1,
0x54813921c0957df1752f90c2cb283e478d337e2a,1,
0x6369460b015420c61a3a75c3e9595c81d0b94795,1,
0xbf6788eabf9321d3bea6eee2cff5136fce675333,1,
0x0b5ddb484f0ec1317eb10fb88ba11faae704f64d,1,
0x0fed91a2e5304ddc6201fefd756335195e97410c,1,
0xd73a4f5e1bf4327f81dbda7a06ca8e1183adb99e,1,
0x049769e8506abf0a3f0c1b278cf33238c96122fa,1,
0x8dba0d03c1119e74e282ccd0118d94cfeb0fae4a,1,
0x3e3210fe63a49f5bdb0211d7a55ebec39b5aa174,1,
0xa111d43246276420bb78278da345ba1711cc3f28,1,
0x6406836f3176fb967ef926f26b2d27ba446896d5,1,
0x8e4a1c3312f8445bd335907a93bb0d9a4a0d7aff,1,
0xc6fc3aa83330c83cd4b3b1b313228d9b244b71af,1,
0x3cf36914ecc5cbb2edd1a51f88a9804f9d410b89,1,
0xd53f0b61f6c4725ac2f8dd9568b89d63b1523c36,1,
0x3880d7624d343f4a1ac078c173428fce32f6e4eb,1,
0x501b0624c32ece74b7854101905eb102bf7c227d,1,
0xdb2ccff196f5ffa99aa18e3a17ba9f63d6c2ee2b,1,
0x5808f403d126a21ebccbc7bbe7b02b7397e0b7d1,1,
0x54530c1ae9c80e5f8a1c355ee0d0fe2daf6abe49,1,
0xacd84dbecd834d3146bbae765d65b0d4ab9452e2,1,
0x34449c3a89b6d360243695adc23247a13b5e3a45,1,
0x6b3be79da551752d1a6159385b5c871303a70bea,1,
0x7c65f9b5bc170d64d8a42238e57e36a9ea65391f,1,
0x672a318833ee156c3972c57c0ec6f933886dbe7f,1,
0x9a9201a7cb8dac0c772c029bd254c57a8988ab5f,1,
0x1240b3957a91a43cd5447343ae7b6dacb8b0b3ba,1,
0x849bf8c6ff3811a0889c005181258dbfb48f607a,1,
0x56b9ad1fb8d60ddbc95974505fac72b2426f7ceb,1,
0x83ba302e80eea3ad70311b594b3febe0bea58c37,1,
0xb6f9af7f2cc13223d3e66efa1333a98b8403e64a,1,
0xdec626061a0869a8d853e49ded9622fee7f0a8d5,1,
0x99ae72618f2cd8230513c8b70da669498d9bb907,1,
0xdda42f12b8b2ccc6717c053a2b772bad24b08cbd,1,
0x1f8436a9f4acf397e95c5ea042ba7a48c73735df,1,
0xe0702c5f5687699a1b3d75478fdb3dff9980d998,1,
0x60e02332106e680976f75c09f314c4f2b7f560e2,1,
0xba7e88f93d1c87629d102a8b0e8468d65979dd0d,1,
0xb50c39f6612c6f46c9249b5a5e2ab2d06a206818,1,
0x9374555a5e6493e00865fbfd230dbd4874ebaec8,1,
0x41a4ff7e9a29bf6850934ad32cb50a964db98c2b,1,
0x5f31cb7ba045c271e1a38570ac5a087238d09227,1,
0xb8b0c1708b94a39aebf113541e3ca4ea4c53ff05,1,
0x5d9c5c3192dbcc66c84908cb1677cee5ab2a1086,1,
0xba1a035ff7b59afee196098ccf96009b3c8eae2b,1,
0x2c96626e1d413a3c6cb623db22769a2635e57b12,1,
0x4345add69fa32f94ee9b2df5bc8280acf55a2300,1,
0xb3623d62ff30fadb5b2e127c07cab0d1b0808276,1,
0x2e2a58359a31f44ce5b4056e943a17a0a9764434,1,
0xebf6fe7679b2050e24cab1bdfc61b9e74ab9e09d,1,
0x5149ae7f9445e70331608ea03c592c078ae7399d,1,
0x4eae7cc8ee73f31655f1a4f79f77b27e5d068566,1,
0xe31828c8f8a306903f4137b39f34685a33d58e86,1,
0x9e0c38d3ef75bdec33d47e06f67d2c1a5b3ec6d9,1,
0xe0ecfaf547c2205b3965e1430b8b01416fb1bfc2,1,
0x932f849fb98d30f909267a8c669e223d7e23b2fe,1,
0xdb40e80a61e93a6642e5df25aa18b23ef5a6dc86,1,
0x5ea12341d073ec5a1226b85f0478413a19081535,1,
0x9327775e225a703125167eb423d246915bdc37e7,1,
0xe5ff7a1c22449720e69dcc6c802f0cb6ab5079a6,1,
0x3c6eb86a0bbd62be3ac0d44df682586b7f690afb,1,
0x77a47fb8f11e01f06770ec61ad6ed48ce59f429c,1,
0xffbb77aa7dfabcb84958be488b72adde1b797cb1,1,
0x092b3a9da1fb2ae7d9c608979a9810371dd8d290,1,
0xc31ad9ec48cec3ec124eee04662bbd45a6efc8b7,1,
0xb6060d86c33e2b6d230bfb305fb627e70a90e64b,1,
0x8cb79c389065f9fa1b2ed4aae0a9efaeabaee910,1,
0x5b979aeb067ca49231bca0ef07cfd2af0fdcc879,1,
0xeb17b18d1c1503e6f090fc15c2318903d0a906f2,1,
0x49f44c6df326ac1577bad16b85d902c59196dce1,1,
0xfbb951585f0078e8cba6dcd89cd48b90e1b3f8c3,1,
0x1dca2ffd8913c1fd5937e5d7eed8cc30c4c7596a,1,
0x998cf04333527d2994eb05f034649fb5e0eeab5b,1,
0x1e4d66506a0408b49bedcf930f1f3df485b0faae,1,
0x551ce78c970baed2e89240d83b0fe4fe46838e13,1,
0x0b8ba503cdb0c2ac84f723e2b7db4353a6b16e47,1,
0x16f4b4afefab4b2564bd8288484603ffd2f2fc64,1,
0xc084a6e1b40d659c0cbd2a6d29dce7447e4ca17f,1,
0xed38cc6cafb837a6ec1bade746b7e032cb8585a6,1,
0x0d869045a18ac7969ab895e1e47238ec12b28425,1,
0x0516a367ed2283c6c73fb39121eea94ef528ac43,1,
0xfada10b64f205b43510bb645d99d03e3a80180fb,1,
0x8ef6d128c4de128b8ce45b442ccd6192e31f4b8c,1,
0xa85fb4a8b416557a6828b41df96c44162bec8aa2,1,
0x1604297f10d45e877a02c79456dcf9f127035ba1,1,
0x5a9f489a464a5818f4bcea5b02d149eafa8e6c7d,1,
0x2dc955ef0ebe8f22cee421166681ac5b4e867dee,1,
0x5ae6e288e5373bf7468197ae3599f39b9ea2042d,1,
0x6f59ef450dceae588ea5ee942d76fe4ab8ca1ea5,1,
0xd2deffe956c02635452c2d56ba4fd0a063186e00,1,
0xfda0974560e6fbfac772f02ef4a927f92abd3b48,1,
0x2cd99def449c35b47afb0d59543711d622615928,1,
0xd6e5a614aed66ecd540c4a065a3db0dec61012db,1,
0xa4718ba7d5c5cfc7014dcb315ddd5af762e7fadd,1,
0x6479227d5f2f27d1a9b5ff162b65ff9aeb2f6543,1,
0x78a90951bc30582fb8f5b1ec218a154634183744,1,
0xf2cb1caf152c6e36f1ff1a1c8eb88232221ccde0,1,
0x4f6f48f63d6ac42a9d8f92f8312851c7aaeb7475,1,
0x1bf555e99b9056e75f5752ebf6593c4929bf5d50,1,
0xa8d621937f1ad0a465c51a407329325501862ba2,1,
0xe403043a0f9c7b9f315cf145166eb747d9790e77,1,
0xab895219c1acf47a1306b8cb1313835196979e93,1,
0xeb7fcf1c5c6af1ec1855fd821ae5cc1937c99787,1,
0x7cc67bcdef3120333c5c084afb54e532d4cfcde4,1,
0x633a6cba7b2642f83380f1c88464c3435e341191,1,
0x7bb6214ddc5bcf1de5c57cc13ea9b5f422727dda,1,
0xec2f247e5b282cc98905ffb8f61d9989478be146,1,
0x9084f71c7cdc1588d60de4611416408ac1fbc691,1,
0xf7f22326df75086c8e3d92fe4f129e4ccbc75b42,1,
0x726587f4f5c8643e0a49a142a758cea55598ae9c,1,
0x5f13d7da1bb5429c081a76656270aa62e2ed12b7,1,
0x3bfe9a1426a6104e96c827ecbfdb5cd17454897f,1,
0x10937d22ce4abff9577d1f4bc550a45d7fc077f1,1,
0xd26a92c2472e0e4f02901e72dabc2df6dc173573,1,
0xd353d0aefb9595f4983931d895b197e6d9f64bbc,1,
0x2b8eebd9b48a72c220d25c32e3473ff490ec4574,1,
0x6a6ef92fa9bd1b0deaf8302ecda1a7c49f7835a6,1,
0x349f9b2286e3481c048571ed3ffbc38b8374c2b4,1,
0x651939523729ff115ac7632f27a11f29729849e1,1,
0xbcb4c8386c097589e7825aaeb9e7c6295835f1d6,1,
0x5fd8e3682ba8a11516616a1dfd3399e31a581a1c,1,
0x3406a82ff70acbf444234d1ef5d50e1161d7b160,1,
0xa4089ed3282b9a35a3295e745cec3d1ffb5c82c3,1,
0xb267fc07dc73378faa8bd13b91e76ab427ab7d20,1,
0xcbf20472b54164f04bc73d6b5e4e64e7e694b590,1,
0xbf78c93cfde5500d1cf6bd1e0eabc2fcdb2770b3,1,
0xe3d449a08df5d4f3c0d49b13c3fbde61f65dd114,1,
0xf6934d7f21e914436847703716c34de0a4de326c,1,
0x2dd9c978ff18e96d68de9c9c8546c5ab837b78fa,1,
0xde4a6290d8d4b7e9ca94a721d23742fb3273df87,1,
0xb80463fbd5eeb52d7dd27af39655aab92c84a92d,1,
0x3a064ba8fe3ca9b3daaac4206853c9406cfdc5ab,1,
0x2793db89215d122b6dade53821f31d14b71ac6cc,1,
0x6acb72f5bbb4ecb4bd171c660dfe3cd19d89c95a,1,
0x825453a03cec919ca3991e97ecfa5be4873f21c3,1,
0xe43269b7d01aabb37841be378be81f20ac7219ac,1,
0x3dca02b6c93441c819e01e51a09870c8d2e8b3b9,1,
0x4c5554bd0341a7d75145c882dcb501a6a3398cd9,1,
0x1578a618d0a9da86b43d7b9f3b3f27e2a4232ff1,1,
0x23ecf39d47cdc6651322c3d598f37bbb80eb3290,1,
0x26df0baf98be7895415a1837a6857bc298a2c311,1,
0x1715cdfdaaf2a0a9c22c30ef9cb9f96446a770f1,1,
0x687aadfde54cb9d47f5247260a5d26c6535cf439,1,
0x7cb85ee6a587a1184e9d074fca9afc55a75b3b2f,1,
0xe8e83ddfc373bbbd22edf5a80a30ec7ded8f2b47,1,
0x1b209e4710c04a6cfc11a0d4dd91e8012cd5e892,1,
0x07973f4cb40809456324af154ab23f15fd675d76,1,
0xa716c2ef62b60cf82b8119947030ea7e26a39908,1,
0xba85e4e8c81e3924ebfa20d7fd8de12fe96178f3,1,
0x5e95b00eb048ba226e37f5fcbab2ebd8b530c83b,1,
0x530d4d4689c6d36f3ef22888b7a229789bdabea6,1,
0x8c42a956f99a621277cb36ea6facb4b9586ef842,1,
0xe69e77365a9db855c2e6c231d72e2ea984c70238,1,
0x872d014a0d4d64c6fd38b91f7dbf60000089a8ed,1,
0xc48fb1164ee61b184453e682ed76e023467c24ae,1,
0x818276789b4a297e3e090c6a3e7c3602ae2b6018,1,
0xfb4931fcfef8920d9d50cd75c776650ee76d41c0,1,
0x0cac84dd819e37ea9b234fbce4a57251fac2369a,1,
0xc835ae05691ca5357bf6b4d3fddae4c3339e0c83,1,
0xcd24a6a094ff9995ab9f7fcca40275212d1a42a2,1,
0xe41d38aea6336df1ff3e85d7332a906bf56554d0,1,
0xd919097ff3fc4f4547cd7c822b26b082373b8c81,1,
0xc8c768053dcbbf77f248907de92e856d1052ce6a,1,
0x01d9799410061ccc2dab6b1ed11700c23ee17b3b,1,
0x8096de9d6d200ae83828f7fb402bc9bd8f6ce1ff,1,
0x9264b212db4ba4378ac0fbb6a3da32d047770b6b,1,
0x7fe72d855b7e94130d33d0c9ccc105f07bf7391b,1,
0x1789209a16e6d420294f3afa7e3b45c565953cac,1,
0x0830d45f2479e26a549e2995e47423655f18cda9,1,
0x4d8bd62c7cb6769795410c5d1209cc09bfe16c60,1,
0x77451bdeddb52cf8c39a31a89340c90a63b428f5,1,
0xa15fa77449243edfbeb7c35f5c551ece256a472e,1,
0x288a5854688c1ee5fbb2959afbb6f07ff29c6b7f,1,
0x049005f3f29c470edee263a8c7fddcf6ef82b06b,1,
0x0d5d5aab608003d1a8572f1e99c31566bee9e7ef,1,
0x953caa28dab3b0dabcc9344d37292f00228d23be,1,
0xe810017540bab5f96ea478e84704af52403ce496,1,
0x2266e997a7eb807b94aae1790fdc372936e05a84,1,
0x93800fc37d2a2a155bc1d4e77ca29a05067e86a7,1,
0x2679f66a2ba7c4c0d72b128f2b9e470e5eae53f7,1,
0xd82c1f7ea44f7a22d107b844a9fee94e70f3018c,1,
0x282de60c0599301f552f7377a2a0ec259ef5b419,1,
0x5dca7bad26550b04a2d6911ba64bb7e7bdd67787,1,
0xff4debb853d522d7038197c398385e5dfdbcdd55,1,
0x0314e136b60931c443d352eb083af26c04db3f12,1,
0x390d727c1fa341f9933bb795e89a9d0376811842,1,
0x49ce84e37b2fc589b1a8819b811fe4a17b5eac41,1,
0xab4ee922ec32e79b9ee13979e79c1c19e4ae231c,1,
0x1fbb44b5aa20cbad3e7eb0fbfafa400f990fe2c1,1,
0x88660a7412085c6c9c31c16873f7d99d0640e6cb,1,
0x707424a995b7a5f6244e49c27afeeeacbc8da2fa,1,
0x14987ba7b4dfdadbde5c4b43089e0c47110cbd97,1,
0x944c57e353c601ee61066d3d1a7fa86aa4896640,1,
0xe35d124b8530e7d8c8edab374c2395b39c65eed6,1,
0x89f0186b6744f91991b86fd6ca6494c1e919463b,1,
0x1ae6b5e30abe1b6a7e323be1ee29e3f4f01ec94a,1,
0x00f4778a9ac25011e8fb71516f39c1b7794daea8,1,
0xe40638db4ace1566e33271dc760ff876ed1025a8,1,
0xe2cd502bd1a9db99ee66a0e9d5107f8b5ca3c934,1,
0x1636340c1e1464e4b90dab80b3f66c5208e1df05,1,
0xd2a9804b4541b4a5a897f6cc59b9a4bf726b4d00,1,
0x72bb3e08f6b00e59e40cfcb24fd944ca5e135752,1,
0x15eddd8543e67ffe0d6133d49c3197b7d5e51050,1,
0x8b7a53c4ecca2343c05f4c57533017f8e5b12ac5,1,
0x9f981188b0b4cbdb62a6a62d9bf04171a932851e,1,
0xa974890156a3649a23a6c0f2ebd77d6f7a7333d4,1,
0xe66e1267754817909acbd94e8ae89f87c27541e1,1,
0x6f0d7d31f8124621a91c7d27803f60dbf54e42bc,1,
0xe971be945ebcb22d4f40bbe8046a00e145c13361,1,
0x141acc7e2a9cc8ebe049c607fe84d41084ee4900,1,
0x523d30da3b653906e57cfac19fa4d37ee3005a09,1,
0x97852657d38e6d4f4ba79c70ad6961bc384cba7e,1,
0x1d1569e8ecb88c0cb35f8920649f1aa66173a8bc,1,
0x13ea053eab2c84fdba0490088fbfa0134f68017e,1,
0x6d394fbc3b64472002f94a0a190b287daa66e86f,1,
0x6d6f9ae649fec4fca9065752acd8286e1c7c5e3e,1,
0xbc30044cb85bc9c33eae111d86d9979ca513cb33,1,
0xe6268ee59c762fd2d6d60df9d9ea22b114509a01,1,
0xdc48a4fe6ac9d1130740b1991c9205e06670386b,1,
0x996ea50fe6d50158bccb8625ad59ef431fa03c22,1,
0xd8ebb185381817d0699a3d0c377d7b5dd2ea3f41,1,
0x945726a285d4386fcbca619bef88ebeb593e46cd,1,
0xb0f0ad1f29ee79703ff788887ba808c622a50588,1,
0x22fbab2c330bc6d92173e283463a1ab14add6a39,1,
0xf261735983bbcf9f5b20a089c2482948fb20aa6c,1,
0x48b211039586619b04cfb3b040cdd12165e3a9cf,1,
0x0b81ae798dbf9854b055da7ca6cf5a1f57800031,1,
0xd6ac8ce3059069b65788afa6cfe04007d8daf3f9,1,
0xa8229d9fb825c4e7a557c66cb8fb57b23e343d21,1,
0xe707deea5623d841a3b8f111ddf478b3d56995e0,1,
0x4ac92e6ccc60e2e46c84faee5feeaed989a0a011,1,
0xfc2cfba41d56009a046f1d7769301917f6b283cc,1,
0x43e00720bcbe904f70194300b58c46a3613bef4c,1,
0x7c9c2a2deba2895684d637dc1ba05006c7ff5ceb,1,
0xef532911656c39c6bc23fbabd05f816055949cf7,1,
0x7738874ed14baea6971bc955103e63f4661ca331,1,
0xb15e6ccc1ca878f4a8627bf4fb69c9a8ccd6df35,1,
0x1f1e4e3b02268d87d3b6f9043f3b4d96ab244e34,1,
0x05c7dfccca7328e9f116724cfea627fdd24a76e3,1,
0x80da3b4ba396344860a3e4a7549486bc74d1ca09,1,
0xf11e37f313f068b35e64b56eaf4294b41d479e35,1,
0x671ddb778816391fd706fd0c2a9ea73029143f17,1,
0x45fdf5b260699c30479bc37b74998be59fcdb53a,1,
0x28074ebc12c7c217a78d54225901ed24474019ab,1,
0x6ea8ea406fb08b80f22d9b0e6ce03ca7c27f179a,1,
0xf71a430073e5f458339f2c4d19e9d73dd4db6e8d,1,
0xf30af7c72b48ecfeeca733ec45b8a13eb0c01dc5,1,
0xfcf4a28b616fab313ad4e516e21359fb5a1f5a5d,1,
0x537875ef902e5c9749a8ba4c9ebf34d9734da1dc,1,
0x08c95af785d10ec7ff67cfe57e69e36cc25cb83a,1,
0x440014b630479f0f36306fd1eebd0b0487293297,1,
0xe68cf8cb7da8cd2804a063d2ee5ca8bd94a9651b,1,
0x15477e3b955ec7de65eef5142b50ad17326949e2,1,
0xd43eb3e2a19a274131f73cf5fa139cbb3cd37e06,1,
0x0e1e11d175f40eebf88df3ac5caf4d4143b27d67,1,
0xef5a31de1f294d908c79830fdbc680d1c4635672,1,
0xa6270e61a6485f649f7e18b6e9ebf4d1d184d69d,1,
0x24e4a4717b9deb0f3b762e6ab81bcab42b8843eb,1,
0x4bd334749c7bdd7f6ee8a458cc1981a9984c1d97,1,
0xb15963a7a4ac58752bfd489d50818ab759841197,1,
0x86c3a9d328a4806d8ed0085d4863b9c299bd2c06,1,
0x0051a560c74df09e4caf0fc80d959209641b597a,1,
0xceae7880c8634e943fff4f73851aff476f2cd93c,1,
0x5f42cdb33002fc3af9bca89ba5ac13810429c943,1,
0x7894b015d8d4b792a783477e39693f6266b40542,1,
0x43cbc778f2837434f49bd4372a5b4968e65e34be,1,
0x0304d61d390629198cc22eb5e1ab1998821d21b5,1,
0x45864dbfe92e61de8031f0fca8c28f2db3075246,1,
0x3b5c0f62da5c925fe39994d10aa8d4c76d7bdf96,1,
0x9fa563d906a609d2e78afc89c23b1d2bfa9c1f50,1,
0xb2394935fc6ffb1e528dd8a0ac3c6e09d48a8775,1,
0xdae38b821a5e6712a4207d79955f5738f953bd2f,1,
0x055be2df7af41333417e7c9020ce864626f92ff4,1,
0x66d1d4d08198b6feccb96f2f4dd2327e070d534c,1,
0xb532c0e633c336cd4677feb1fc252b97494d929b,1,
0x149366ed312461ba652e0ce0670d04eafaa065f3,1,
0x64737b6c29e198f4a9a293bb5320746c471f0f2b,1,
0x708ef9153ab03837976bef26c2a5edc3c6da8cfb,1,
0xb4c3d2d3da23344cee87d8590903567214bddb25,1,
0x568f0ab35c970d6dab81988e2b24eab8619a8696,1,
0x6e84922eff898f46ffe48a661384a8a7fcd9a1d7,1,
0xbfe658f241e8fb6382dc1310881c7878ae20714a,1,
0x16eea40dcc73dfb71a5695eefa0b843a7b9b3a55,1,
0x4db394d70892ec50ac881f4ca531c1485e9dfd44,1,
0xe06e2144a0381b4197f32a1df9dc299cf9113b4b,1,
0x14bc3a804b2f7e7d114af71e4e260190af93601e,1,
0x99c988ae163d8ab99798c0c5abfe30d2dd89f647,1,
0x3bc0bb2edac8321d4602a1ff86b0594aeb0dc98e,1,
0x1e3181460e02523bd7aac85d6d7afa5daafd006b,1,
0x5e6354be0793870c3dc260ffe0809e7211500042,1,
0xf6e77bdac68f4fbc6070991acb124778aea2b91f,1,
0xc7d413cd09e7143ebe6a898f7871bf97a9534d1d,1,
0x67a3a3db9dda646510a1ea057f1fa321e493f08f,1,
0x000000000a38444e0a6e37d3b630d7e855a7cb13,1,
0xcb6e7de041332e02dabe0408ad008b391754d09f,1,
0xa7fd9030d46acedd65b5dfd743f40e6b4e8828dd,1,
0x42340c9b7569de2db37030a8e8846fb7e71f49b3,1,
0xb2aa190afb919e46c24505909b8f549c7be08ab9,1,
0xb772b98e069c4bd4772916ed784fd25851084744,1,
0x992d7deef3c2b7ac1b3e94df61ec259be1d8c7b2,1,
0xda65542f83e91d9e12098e713d874d968308323a,1,
0x4be6c76102b85b7a92cf94cb0b44e64b65b5b073,1,
0x568588cf1896186da51593f4ee5925712112ee30,1,
0xdaf72660c39b248c204fe8685bf12e0b28e0ca0a,1,
0xec4e5361416430ecd446920923489f235b4a1b25,1,
0xa3953f23a37cf412d4af12111381e23264b7dd01,1,
0xe71f7836cec06e3d86e5fc26cc7ffdd492aaca35,1,
0x283e6c64eb2f45b7bc1d18329a659c4332012b75,1,
0x360d780bc97bc5be6dda22f00b2337dd907e14bb,1,
0x42891cd67abd78a8b814f9bdb9b475faa4ede0ac,1,
0xeb3e1672c6b4de5111a68d6e3858012a547c19f6,1,
0xe0ea1d993cbf4b0b77d793c18cefbad58faddbd4,1,
0x5d70bf4ee7d0f62611bdf7a491ea250bf3638688,1,
0xed962202f473af4c4f60f1d02869b2792e34d117,1,
0xb73c28354b4ecc2d4ce98948ea229e2340ef1868,1,
0x3f9d06d42cb2b04ada2d9a8cdfbf63c5206d7deb,1,
0xf877232e414f7a1ab9b452b8ae4ab6d2379fc164,1,
0xf15d96ec6bd1d060cb82943e91522822280f83a0,1,
0xc019e26b8c3bcc89c060110e079b463cf105dca9,1,
0x217d9a5c581a1d427b074548c9f44bb724b7fc20,1,
0xc36f2fe0f39a46a45c89bbf92d2531f7d1389062,1,
0x60c7123561e96c1c8bffa4453bda5057a601fc42,1,
0xe31d4d537c48ddd14f4b5a5ebe3cc047643551f3,1,
0x4ddf2ffc4819b95fd2a21f571d01bba1d50fb43a,1,
0x2aaed954b97f536313346ea36bc4de683097eec3,1,
0xc763c603779cfed5316fd505b9a5884cabf6e899,1,
0xf796be2059ac25fc83859f102ced7643beaa15c6,1,
0x2e739666aab6dcfeb42dac1255113d411186cdef,1,
0x72eba299088937ceaab3d7bde6234aee81a8bf76,1,
0x1f172f66730d2ef5cae06ede52f2c0c26055ba56,1,
0xf88a055732fba525073bede9ebdf76f6051b07d9,1,
0xa1efb25e73cbbf040df2243ad872a71d9b8396f2,1,
0x56dc5c514ff951100cd5a7e0d317d3bfc02433bd,1,
0xd4d9c2ab83154d82136928db9a98dcaeda262bf6,1,
0x096edfe03c04d91d1f297662092ac1b336e6d427,1,
0x556216d9e6fd8091bd770f72a6e948cad3206df9,1,
0x5f7a8fb8cc29e795ba19191dd74d69a90cdadb88,1,
0x46bf821d678ef32f406f0522ebb8f44f678430b5,1,
0xb57660af3b39cdd42fd9661600130b6d1f4c07e3,1,
0x13a28ac44a30e3e0645d367204f9b6aa8a09921a,1,
0xf14cec230bf6887828252d139361a1c394431cef,1,
0xeab5acb9725080f9ec43f47099ceda1fc513bea3,1,
0xc485f5953fd2aeaedd71cd0923f01e7770ee1149,1,
0x3e2e089bf6e6329db13f71f1d15ae3f036fdc040,1,
0xb89570666d45a185dbfffaad0488827c680e3507,1,
0x5edc1a3963319345ba93ecd7e50f59e65590a523,1,
0xce44117dc729f2a8e30ba314e9318d0ddd229a35,1,
0x2897dca2d2c4c168a1666306c9660db5bc8e0079,1,
0x37e3d3e54b589953ae197252cc510971f0a2beca,1,
0x1ca849c36a41e248bcb1bf3b61d0c1d3a0533016,1,
0x4c2bad6ded85c73dec25930c4d88d72a93512eff,1,
0xbe62d6e65ae91eaf9896fa6e61cdf32893557eb4,1,
0xe54d9f6a5d86e00bbc40b069a1eb01415ff60766,1,
0xaeab1aa832cbab4c45953c9b64c05956f4a537e5,1,
0x32c5b59b48991efa9992fcc47af5881621515d16,1,
0xa4f6638cde88f245b75670b510fd8e46fafd1678,1,
0x090ea16a48bf0fb533785af686ee6ddd3add1f3e,1,
0x14c9a9d70c0fc654a09600e02d0f1b968864145b,1,
0x7f82e84c2021a311131e894ceff475047ded4673,1,
0xfb66550d37c9627dfe30541e3bdf97a1cf84e731,1,
0xf998b39517c990735af02e343763e125324719fb,1,
0xf3384c1960871b7451ccf59b5fa654a137a79e34,1,
0x61b92ee9e3e50e00eae94d0f055c1d7200a32c22,1,
0xd47c36fa16e8a72b00cb951da531da2e6f4329b0,1,
0xb395699aa1638a6fd1617cca0b3f719e9e3e7dcd,1,
0xa83360de829b817d75db35308849bc919117d3e5,1,
0xdecaa1d0eaa8c405766267736fcec49e05825048,1,
0x9da36391c29ec7f2e000996b8ac8746d78ce0adf,1,
0xb899a107b2755fa698c93c09bf22ba90a03c8ffd,1,
0x588aaa9a99a1fdcc7051c74bbd070523d977ca98,1,
0x321b35a7e3984873be7ba1869cf2577de28a192d,1,
0x3accaa744bbb82f204d501382590168c9284e07b,1,
0xb0fd126e84664bf1f88efc2e18b767fea6cdb519,1,
0x495fb6c5215607ab3b0dd1141b6c0c14a51ee766,1,
0x2b062e868df35d6b9749e3d9062ab2313b3c1a5f,1,
0x23e9c48514ba5261181da1450ba38d2e334c1212,1,
0xe64514090cdd48f239c60fcb093518a3a8c31e9e,1,
0x351cf697b818b35225e7612666e8f223bd3c8211,1,
0xddc431af4da6c95fe32e89d218c3a28d4dee15ec,1,
0xaa9d3c6986958c6d85e55d3981b37994834c6883,1,
0x785b9d476eafb1e81f83dc539ea95c15e7bdc3e9,1,
0x5bc87891f4f60504d01663a028a4d778aeda7641,1,
0xa4d4159590336ffcc8523945e29a095fa57d02d0,1,
0xd0f082c47ee88f07ebfa90efaa6aa3bc276c514a,1,
0x2052f11e0483ced36340dd7808ca510a7dd5f152,1,
0x2007831e2014b443e594932cd80653fda3f24aa8,1,
0x3c4ae04242a7f1f74a428e0d6439f070b2cd91d2,1,
0x3094ea2500822117a3518cf76518c4f2ec1f01ca,1,
0x0c68f732eb33f496305eda85c61e09c05409c25f,1,
0x3b6280e12f19160c8b340a77d8cfb6eb5e32ea77,1,
0x04bf671ee242a80f936b12967f84358583aa28f2,1,
0x3f0a7f7182a7efee4eb6f2284a18fb3db388f4a3,1,
0xf3d8acae365d46330a2602c312a232db69a204d3,1,
0x8603b5df388eb0a1790a70cf0cfbad166665cdb2,1,
0x5ba7dc21fb489132dea4510290de817fee145311,1,
0x17eb980446063cc81f4b0f8fe93a4298c9222844,1,
0xeeb687b89fe920c6c340dd9d8912d0f7062f5715,1,
0x69be940d0cb3e13dae4746a1d53545aece534e82,1,
0xf8377e1bbdea13b9eb957857a3dddf8740715dcf,1,
0xa1932b50aaa40819c04d5d196e5ddeec2d66d88f,1,
0xbb2d77dd8b4db3fd8861f58f3605586c219d32c4,1,
0xccb2557246e89216b7d2448cdb7c42e382b753ae,1,
0xd8bae7075d65047f3f46c4104cc43bcc119a0619,1,
0x02bb469f614cd6190c8b09d55907887df211fcc3,1,
0xdc2da4e46b30ea8494ed3170ccdd7a1a868ac325,1,
0x7be74966867b552dd2ce1f09e71b1ca92c321af0,1,
0x1ba34da56d1bc12c491cf71ec183459ae7e2f903,1,
0xe8faec39e5dedafac427b1ec30c9a87d646360a6,1,
0xbc9dd3990164b5d51c0dd2582299b8692e51a051,1,
0x8acc5069f235402516632147ea109970da2adfab,1,
0x9b139f8d81c34667764e9db1d21f5472d9be1d4e,1,
0xc8b74cbb810239143b4cb378a1d465c83ea93aa2,1,
0x7c99d7a6da56e0d022c2dd8c112fca138af0a2a6,1,
0x2c59900b9442b7a865f93219c04f553a0d7bd003,1,
0x1aee1ef71dc05cbb3bc86a1f0ad7c367878076c8,1,
0xe686c86a2cf340a96e087ed70e28a72025112bb4,1,
0x3a10bd879a0e4011de79157606cb2e46d402d653,1,
0xca69da5ac328fbb0af4e7ecf9c88756d4550a6e9,1,
0xf467a9d3ded3a3370d24058cb3c076c22c9dc27c,1,
0x1ce8a8fbed4930f1b845347bdfff3c4afa904a4a,1,
0x3ceb4aba2b160d48273b7e1a13e31ee0544b37b6,1,
0x8196e3b1d8d668575faaa2168aaf119d1ec7f2b8,1,
0x073a7d430be4c2a151fdf7ad4beaa3567c0936bc,1,
0x7a6cbd7a4562021fbdc0ac328c6c572fd703087a,1,
0x5505f7442fcbad24f65265c422f8a055993815c4,1,
0xe02eeb49fd2f6ed86491850f99f0382527e370fd,1,
0x4387193e27998c3088c52d3db263fa5e2663039c,1,
0x3a4f69287f1d38f18c5ac4a3a8acb66a89be5051,1,
0x2e458e221ae22e61559b08d680b9812928f4527f,1,
0x8717e37b8507039952fd12c195a8c3a628cd341a,1,
0x072be1619cdd4ba5fc7e4ecdd8c65955eb6c3354,1,
0x5d4a5bbb57779c31919c9148ef10a6723d210ec6,1,
0xa549db7c32a9d547313e9e1e2416eb7e5dc69cff,1,
0xa63dddb69e6e470bf3d236b434ef80a213b998a7,1,
0xbd7b322d8207e33ab0cd3d068a2f4491e8370393,1,
0x54cfc009d17c9d6161604a9535ddb0e2ec8ae218,1,
0x7eead1238435739b4fc4746dd74f2a3e01c90070,1,
0xdd9d54042c70bdcd8f946e0b5babbbfb5d69945a,1,
0x2b88de26c874ea6129d6f0388d93072d904f72fa,1,
0x364b53ca9be6d623b0b8920f7d97ac1c285c3763,1,
0x93a3b413c790a2f904e2eb19deeab6145989d12e,1,
0x26b2099f0ce962134fc86b715135641b0f7a9342,1,
0x04c28dd6fc2db7119d0097acd8c907dcb6520cb5,1,
0x183b1ae1291abf065480af64c557d006a221deed,1,
0xbfee60d23c6b3c6e27611ef7e2a9ac803d07f9ba,1,
0xb4f64cc637a0975d26e29402ae34439a5346c277,1,
0x07fc6330e2486003be7388102f875fba471f6037,1,
0xcb6ee005a3a65eccd270aecf0c42d16e3713c4a5,1,
0x50a5ec5223bf35bac348f6c0e6939c16a17c6f49,1,
0x8cd5a0bc6126b4bc350bb8eddb4425d8e8841be6,1,
0x16fd6f053a72d05d8b48d7e5829cdc4bb19da126,1,
0xcaa524925796f58baee92c57976d7a143a3f0940,1,
0x3923a9444b618dac8d419fe446e9aa7530a9c861,1,
0x4ae36c910915b266fc60d29c7050018e3e8c17d1,1,
0x8e4bbce12bfc4c14b1f9e4155991fa99a8e48b3f,1,
0xa4649bdbeaf26dacc7ecd93f29b98a0586a9cc67,1,
0x0ec33756750520817c798a4e632e3f38c88ae948,1,
0x23fc9f0f44199ea3d30be996f4caf8eba3acc518,1,
0x27d414c21e026a39923fb81c3c778888a5818c5e,1,
0xbeac3c9d82c066d85e7a1185160edba993bd39ab,1,
0xab1ef6a2bd769dce3da9cd96e8f16f00f50ee6e6,1,
0xd73c53eb7c2c71ce1baa763ca9390650611235ad,1,
0x2cfa2fecda2b3bcf7e26d92b432a24c9dfd239cb,1,
0x1014a66402ff5b51d86a527da1dbe96343bd9d95,1,
0x6fae86071a913d66bbc3b10857581370d653dce9,1,