nft,number,
0x7bfee91193d9df2ac0bfe90191d40f23c773c060,9,
0x49e96e255ba418d08e66c35b588e2f2f3766e1d0,5,
0x4d34b72da483a73eb7113cf5d02b34e627296553,5,
0xc24cd18b563bf4f58bbdd959f453cc25374836ed,4,
0xe8f379c8014745a71e566eb9d0e5692a67081a45,3,
0x60559b4cc92292b589ded75295f5331adcc69e04,3,
0x8d84d5b85bfe2a269afa305afdf422a39927adc3,3,
0xc6e5c042b34a0b88df9d4fa00849ba8ecfad1894,2,
0x084caf1bf60e49aec07ec4148a3f1f0f57fd11eb,2,
0xe11bf8c9d4fd0dec48f0c8e54c7083f3fed8ee5c,2,
0x8949479a5c24b2212f1cd9b99c4995c652abfc33,2,
0x661218f97ee63af34baa42d8de03ca57c2d64f1c,2,
0x995d1899cbbc2bc92cca6f264334a15b1d75d928,2,
0x126ff595c723e0394ff44503c8019a50942f717a,2,
0xa376466cd91feaab2b18b50ba00a5fdf4b70a8a3,2,
0xe7003d4f740d6bbc2bb0f057d41df36085d8cba8,2,
0x461e76a4fe9f27605d4097a646837c32f1ccc31c,2,
0x94b7cbaa3713e39b8e383a950fdd4a2df9f7737c,2,
0x2af7e80c1de9cd4acb5af748943c9f4eab549b78,2,
0xab961d7c42bbcd454a54b342bd191a8f090219e6,1,
0x77e3cf7d9051f7e76889ec11d9ab758f9dedc5c4,1,
0x3b9020f8028f8faa555a15ae0d68b8e279f530e4,1,
0xfd9e6fd73a0694057b632d8d3d4925d99c374306,1,
0x0fd84d7cb911728737556684050782b298f70f0f,1,
0x440c8ab91ba7c8763b3d9b3357dc1c0d13a148aa,1,
0x209834b1f4e96c4d306261159595b24c4cd23541,1,
0x54207bdd0b6b1daa5bd98c0c8c2ebdef65f63a3b,1,
0x10a2e2eba934c9d494d49b1847eeb103f89746f0,1,
0x4f8fb5970a8b6d3bee741a3a012112317b8d182a,1,
0xe640b03ac3fa996de20fbe791c08248087d8583e,1,
0x327a001fc673fa8a384c2ec024cdb395671927ea,1,
0xbe72d4a70c047adc435be93b7e8ccde6fe431f58,1,
0xf1246624ebdacae1e3a576949e39321d0201ecb9,1,
0x81d8363845f96f94858fac44a521117dadbfd837,1,
0x2b40fe0496d15db07cee4c2d5a6b1ba99c873b88,1,
0x64c4816f1b09f44d69bded3f9f3acf486552b0bb,1,
0x6bad708dca00fd435ded47a112328dc68a88ba7b,1,
0x3ce8271e15f0b0f948850c5af535bd917abb8104,1,
0xe0ba214ac32c876c316d320feff0b96409da0b49,1,
0x08c16a9c76df28ee6bf9764b761e7c4ce411e890,1,
0x6a191c11fbf567bb19f554393662da80d269be91,1,
0x942e70f1a4f1b8ea4a47eb04c97dc5a399dfe606,1,
0x017509667887ae02b114b46dbf81a025e37d1a75,1,
0xe86c9cb39b281f9315b0b98cf34aa388daae0c65,1,
0xa8b4c7f8b3d91b324f815252da74884e68fb4c4c,1,
0xad36a2e01c713efb1efaccfaa10bf74ecdddd1bf,1,
0x68ffcb1b5f8e5d035c3b4bf49f8f139f49e45509,1,
0x4cefec39e702dddda97e93b968e7535283d601e1,1,
0x11ff58544aea8bdcb28eb350644d331b6f5a71f4,1,
0xd3af49e017ec09c4b83ba42aa2dea7ebd637e7aa,1,
0xfa2a0d043649eb88cd9c1af611f3434d4d61a101,1,
0x5836150ef9d823e815bc692f4b8321f9627c6578,1,
0x525f1221728afbc867023cae17a8e4ea0f5aab85,1,
0x2c1c5c930b2e5e2d058db5c8ddf92683f319725a,1,
0xa4c8d9e4ec5f2831701a81389465498b83f9457d,1,
0x761211d7735947225b397d7ebcf7b5b24dae44f4,1,
0xc4b73ef7c498ba1b4b61d46427d0e7f9518a416b,1,
0x8347252f90d89533e5aaf2e214908e29cdf22f3f,1,
0x4d0abff7aea667cc7a44a9fabdbb803eb547a8be,1,
0x0406383c5d0e328310800c3da5c3483a40ed33ae,1,
0x7d098fec4ecf9ac948b17a179c638f1dbbcef72d,1,
0x6193181921a92c91e93233697058d8311e271a47,1,
0x6447ed97ed1b4cd763d36f3a0cf71a51b0bcfed4,1,
0xc350438bdc8b4b74f349fb7dbe1f45de454cf4cb,1,
0xf3e9848d5acce2f83b8078ee21f458e59ec4289a,1,
0xdeefa727ca44b9c9fd9a8419dbf642fa0fbdd0a1,1,
0x6bb251903886a3a20063d60badbe5c09a8a57441,1,
0xdf2d293ef101e9fd706f5138b149083c5899baee,1,
0x33ebb62dc9ddbf6b8f3c0efdf5bccc2e7ac60211,1,
0x6762c9890374d9192431695e3df4062873b3b11a,1,
0xb4cf4c4afde8fdadf63318c9eefc08a6a47fd0ce,1,
0x5286bc17220d51a36e55f5664d63a61bf9b127a6,1,
0x0654ed79ff9d16478f98bfdf3627290e9c225190,1,
0x4c180462a051ab67d8237ede2c987590df2fbbe6,1,
0x85ddedba1e2f0b4ee7cf579c98c4d91009c48b96,1,
0x41b8501e48c634b253225c146bf61650d8a1ccfb,1,
0x0f5f4b5b7ca352cf4f5f2fc1ac8a9889decc4fcb,1,
0xbb7f88d4230e817c38b5f2c2c4ee30ef796e12bc,1,
0x66d5756007c68ba2b62276620fb52066db082e42,1,
0x1db71e663bf469e3bae5055eedd307da04b2edd9,1,
0x630060f958b3326a8b01d5504840b6c6eb1c3b3b,1,
0xf13ac6a72cc24ecf68450c1e7f5d352710e3b0e2,1,
0xa28e6873fd7e1047ec3d5aa4bf5e344a38b42c85,1,
0x24db8a0a16da2812b55af4d0f3a8ada8a68a330f,1,
0x84122b2d00c7d32583ddc91e70a2277299a87611,1,
0x3be670da0170396aaee99fb8fe8d31b8831fb30c,1,
0x29a031f1f19a04f341bc941fc84c093f22334a9c,1,
0x4ca663f9344efd121d2d0beca1572de6f1433d51,1,
0x7066c68f07072e1dbfd2bacf609be764741fc915,1,
0xc23332d7f35726ed9c183b14a1a87713e424d2c3,1,
0x7bfee91193d9df2ac0bfe90191d40f23c773c060,1,
0x89f6bdb8f3cb89eb12d377a40668dff731b8e787,1,
0x8d84d5b85bfe2a269afa305afdf422a39927adc3,1,
0x49e96e255ba418d08e66c35b588e2f2f3766e1d0,1,
0x995d1899cbbc2bc92cca6f264334a15b1d75d928,6,
0x60559b4cc92292b589ded75295f5331adcc69e04,5,
0x66d5756007c68ba2b62276620fb52066db082e42,5,
0xf13f7bf69a5e57ea3367222c65dd3380096d3fbf,5,
0xaae8c50d76c76fb8947c9a203103d28b55862977,5,
0x2af7e80c1de9cd4acb5af748943c9f4eab549b78,4,
0x4cefec39e702dddda97e93b968e7535283d601e1,4,
0xad36a2e01c713efb1efaccfaa10bf74ecdddd1bf,4,
0xa376466cd91feaab2b18b50ba00a5fdf4b70a8a3,4,
0x084caf1bf60e49aec07ec4148a3f1f0f57fd11eb,3,
0x0f763341b448bb0f02370f4037fe4a2c84c9283f,3,
0x5286bc17220d51a36e55f5664d63a61bf9b127a6,3,
0x942e70f1a4f1b8ea4a47eb04c97dc5a399dfe606,3,
0xfa2a0d043649eb88cd9c1af611f3434d4d61a101,3,
0x5836150ef9d823e815bc692f4b8321f9627c6578,3,
0xa4c8d9e4ec5f2831701a81389465498b83f9457d,3,
0x6bad708dca00fd435ded47a112328dc68a88ba7b,2,
0x9828f67a7209e0b42512f309f46372ee4b3e9c3a,2,
0x5b6369d25ee3d18966ad8d13015185a1b3926c95,2,
0x77e3cf7d9051f7e76889ec11d9ab758f9dedc5c4,2,
0x0fd84d7cb911728737556684050782b298f70f0f,2,
0x94b7cbaa3713e39b8e383a950fdd4a2df9f7737c,2,
0x761211d7735947225b397d7ebcf7b5b24dae44f4,2,
0x2c1c5c930b2e5e2d058db5c8ddf92683f319725a,2,
0xe8f379c8014745a71e566eb9d0e5692a67081a45,2,
0x1db71e663bf469e3bae5055eedd307da04b2edd9,2,
0x6193181921a92c91e93233697058d8311e271a47,2,
0xe11bf8c9d4fd0dec48f0c8e54c7083f3fed8ee5c,2,
0xdf2d293ef101e9fd706f5138b149083c5899baee,2,
0xe0ba214ac32c876c316d320feff0b96409da0b49,2,
0x68ffcb1b5f8e5d035c3b4bf49f8f139f49e45509,2,
0xfd9e6fd73a0694057b632d8d3d4925d99c374306,2,
0x0a3db8ec24e955ef327dc370cf502c08eed8e192,2,
0x491c7d47c8bc4535acff5b38e386bcd89ab6ce28,2,
0xe7003d4f740d6bbc2bb0f057d41df36085d8cba8,2,
0x6447ed97ed1b4cd763d36f3a0cf71a51b0bcfed4,2,
0x08c16a9c76df28ee6bf9764b761e7c4ce411e890,2,
0x33ebb62dc9ddbf6b8f3c0efdf5bccc2e7ac60211,2,
0x4c180462a051ab67d8237ede2c987590df2fbbe6,2,
0x7066c68f07072e1dbfd2bacf609be764741fc915,2,
0xee4b69b2c5e445bd892229f23c217cb7e269d3c7,2,
0x4d0abff7aea667cc7a44a9fabdbb803eb547a8be,1,
0x717e61157ce63c7cd901dcb2f169f019d16c5ac9,1,
0x172284aea3201c24b9a19543ba98278f9e9468e0,1,
0xc350438bdc8b4b74f349fb7dbe1f45de454cf4cb,1,
0x8f60d79fe3df6cd0e3a44288ad2f41af134d813e,1,
0xfb9744178e47572919c64c684ae3c5d0957cbfd2,1,
0x822ee635aea13af0fd00510d0cea3f535e77e0f9,1,
0x200863d62ef91085898cf412f190f12bed5b601c,1,
0xc08f846cdbda1559716239bb53e9127c1378b543,1,
0x3bb6e62acc3f63de0a208320c92b83e557b61c5a,1,
0x0f5f4b5b7ca352cf4f5f2fc1ac8a9889decc4fcb,1,
0xb4fd9d60a3fbe49c034666e35a29f588a002a905,1,
0x6976ed0784922024945cf133d0af33be7a265715,1,
0x62c9b90ddc4e80a1e98bb8c9d9716df21fe65009,1,
0xd4d576c4f918e7f653f59ebb7c0b8b249aff2d71,1,
0xff0c9ab27ee4bb684f5dbe47a80c0adda1eb4c8a,1,
0xcbe203901e2f3ca910558efba39a48af89e3c558,1,
0xbea1771efed9d4a80d6ce19aedb70e56dd739b49,1,
0x8dc6002c22476a1aaa4c4f0a8374fef44c6617b7,1,
0xa28e6873fd7e1047ec3d5aa4bf5e344a38b42c85,1,
0x873e3b665000e36572e999d93a9e412f90f10bbf,1,
0x84122b2d00c7d32583ddc91e70a2277299a87611,1,
0xaefd6a3f1f026da33b4acf26c96f8471c079aed9,1,
0xb01e03d9054bca80c1dca05d4368fbeefec9a1dd,1,
0x10a2e2eba934c9d494d49b1847eeb103f89746f0,1,
0x3e89350acb8abd75eb0f626c35023934c8b1e1cc,1,
0xf124c75e2d9b8c0457a128597b90161141e043f0,1,
0xe640b03ac3fa996de20fbe791c08248087d8583e,1,
0x87bd5a0baddb682bee234ebeb771b33636ed5667,1,
0xa396b69c70f6975397c33c824ffce9d52665d139,1,
0x81d8363845f96f94858fac44a521117dadbfd837,1,
0xc03e498be8a5321ee5f5b3f8519002d092114f48,1,
0x4e65175f05b4140a0747c29cce997cd4bb7190d4,1,
0x3c1fcb4618db9e257bce21c65c22e58321a3f198,1,
0x6a191c11fbf567bb19f554393662da80d269be91,1,
0x06d3711d628abb46331721add8576d5a322614c3,1,
0xf0f75819d8522bf32263f3e2ea604ba6fce93894,1,
0x9af722581bbf0594dc27cf1bea414b12a2c41501,1,
0x730a4924d660932b66b2f0c2cf4e620bc49089ef,1,
0x6909e31e2dbf9b1140dca85acb77224b59258a9f,1,
0x11ff58544aea8bdcb28eb350644d331b6f5a71f4,1,
0xc4b73ef7c498ba1b4b61d46427d0e7f9518a416b,1,
0x429d81e77f69e60d83f2050524af41784c8f00a0,1,
0x343ee80f82440a498e48ae186e066809750a055b,1,
0x9fbb12ea7dc6de6503b35da4389db3aecf8e4282,1,
0x80d0136a4352966eaf4bf0bfd9d09615fec52641,1,
0x0b5978f87944b32211cd3292bb16c4674e98ecae,1,
0x7b50f491852b40e3e8ba4b03d7e70b9cf5f0ac4a,1,
0xdd97539fe9a912166f037d81dcf35b3f0ce5c610,1,
0x963124cd39589ad8a9ec94ca6a23c063e79e76df,1,
0xe1385ea3cd4aeb508b2b8094f822960d0c968505,1,
0x084a35ae3b2f2513ff92fab6ad2954a1df418093,1,
0x20d3731362f3fa892c0d5a0585385b2e0b304a1e,1,
0x41b8501e48c634b253225c146bf61650d8a1ccfb,1,
0xf960d739bdd0f365cbef934973d9a87c30e04649,1,
0xe58df0545591b94eca6f4ed87397cd162f053809,1,
0x172b64e148ea2712eb4d3a649e7ec6371ae9ae5c,1,
0x828ef26d34c64a6210ed38b8807805312fc8c9fd,1,
0x9c1b8298dd97c7c8187bd6045f998d14b7ebfd4d,1,
0x926bf90196781cf2161535d48af542889cac4d2e,1,
0xb28f1368c2641f6816ea859b403651c1dd2d92c8,1,
0x905f996c9e2452b42e93a877c53fa650940f8b1e,1,
0xe8d5ee67a69394e721cdf2481f633c37ac70ab91,1,
0xdbb311a1a4f1c02989593ca70ba6e75300f9f12d,1,
0x335750d1a6148329c3e2bcd18671cd594d383f9b,1,
0x68bdeff9aca67da30ad7e78feacb3685a5c0863f,1,
0xd1bb2b2871730bc8ef4d86764148c8975b22ce1e,1,
0x3be670da0170396aaee99fb8fe8d31b8831fb30c,1,
0x774283d0eaf8075a3be6b8468c8d441011026f9c,1,
0x29a031f1f19a04f341bc941fc84c093f22334a9c,1,
0xf2ba9e4872f03a72a94f8c32e87fc0f2981e19a8,1,
0xab961d7c42bbcd454a54b342bd191a8f090219e6,1,
0xc77e8d528ef139fe324dc43cd2240b10de3af9d5,1,
0x7ddfc968a5d4840a6ba225b1495329cf717bba1f,1,
0x440c8ab91ba7c8763b3d9b3357dc1c0d13a148aa,1,
0x209834b1f4e96c4d306261159595b24c4cd23541,1,
0x54207bdd0b6b1daa5bd98c0c8c2ebdef65f63a3b,1,
0x4f8fb5970a8b6d3bee741a3a012112317b8d182a,1,
0x3569e3ce96ab8f98afed25bf98d91fe86b5ab46d,1,
0xc08b19b0bd434ea7cec94ca768a921960041da65,1,
0x87b6f84a796300b9157b618ec05b1ec45e60772b,1,
0x0c5a2c72c009252f0e7312f5a1ab87de02be6fbe,1,
0xbe72d4a70c047adc435be93b7e8ccde6fe431f58,1,
0x582aedc49856bcec2afc7fc84eed7b2e5ef63efa,1,
0x2e8edd176f41e492948f668690012daf39f572b0,1,
0x02842fee452084aa8b846c953ba8465ea6c136ea,1,
0x2b40fe0496d15db07cee4c2d5a6b1ba99c873b88,1,
0x64c4816f1b09f44d69bded3f9f3acf486552b0bb,1,
0x5f7476aca630a79d89b8a1b4d92fc91c65c01abf,1,
0x38d2dfc2f67ce4a9daefe6c2f2e3882042f5e439,1,
0x7b0ada9e6dd678d8e0ce28f6e525de4a844b8f14,1,
0xbd2024866b2b1ede8a4cfdb1bfd2cc51e027ff26,1,
0xa2b39ec99af06863a910e28ba6bb88bcdd0cd6ff,1,
0xc8c5406008f4f8168cccfbef513f5238915db9eb,1,
0xf42c8145d8566c68bd59cc89a5f7dc53890644c1,1,
0xd3af49e017ec09c4b83ba42aa2dea7ebd637e7aa,1,
0x14fd9243fb6645f9cb46a0e3e5984be9dfab6427,1,
0x22e778772784341c362e4d88c3004f5add334db8,1,
0x7bfee91193d9df2ac0bfe90191d40f23c773c060,3,
0x562e4e25f4bb991c66cdb74c4af3957e0ffd3f89,2,
0x8d84d5b85bfe2a269afa305afdf422a39927adc3,1,
0xe11bf8c9d4fd0dec48f0c8e54c7083f3fed8ee5c,1,
0xc23332d7f35726ed9c183b14a1a87713e424d2c3,1,
0x995d1899cbbc2bc92cca6f264334a15b1d75d928,1,
0x84122b2d00c7d32583ddc91e70a2277299a87611,9,
0xa376466cd91feaab2b18b50ba00a5fdf4b70a8a3,9,
0x6762c9890374d9192431695e3df4062873b3b11a,8,
0x2af7e80c1de9cd4acb5af748943c9f4eab549b78,8,
0x942e70f1a4f1b8ea4a47eb04c97dc5a399dfe606,8,
0x0a3db8ec24e955ef327dc370cf502c08eed8e192,7,
0x5b6369d25ee3d18966ad8d13015185a1b3926c95,6,
0xe0ba214ac32c876c316d320feff0b96409da0b49,6,
0x0f763341b448bb0f02370f4037fe4a2c84c9283f,6,
0x60559b4cc92292b589ded75295f5331adcc69e04,6,
0x9828f67a7209e0b42512f309f46372ee4b3e9c3a,6,
0x5836150ef9d823e815bc692f4b8321f9627c6578,6,
0x4cefec39e702dddda97e93b968e7535283d601e1,5,
0xd8640bb5bddc66be318cd46668502a37f829e495,5,
0x8dc6002c22476a1aaa4c4f0a8374fef44c6617b7,5,
0xe7003d4f740d6bbc2bb0f057d41df36085d8cba8,5,
0x0edcaeb7270005f31e51790ba2c5c574ff24dec6,5,
0xfa2a0d043649eb88cd9c1af611f3434d4d61a101,5,
0x905f996c9e2452b42e93a877c53fa650940f8b1e,5,
0xa465ce9bdb750ef8d5d9df09d767261448d31ff2,4,
0xe8f379c8014745a71e566eb9d0e5692a67081a45,4,
0xf13f7bf69a5e57ea3367222c65dd3380096d3fbf,4,
0x68ffcb1b5f8e5d035c3b4bf49f8f139f49e45509,4,
0xe86c9cb39b281f9315b0b98cf34aa388daae0c65,4,
0xa4c8d9e4ec5f2831701a81389465498b83f9457d,4,
0x084caf1bf60e49aec07ec4148a3f1f0f57fd11eb,4,
0x6a191c11fbf567bb19f554393662da80d269be91,4,
0x08c16a9c76df28ee6bf9764b761e7c4ce411e890,4,
0x0fd84d7cb911728737556684050782b298f70f0f,4,
0x7066c68f07072e1dbfd2bacf609be764741fc915,4,
0x20d3731362f3fa892c0d5a0585385b2e0b304a1e,4,
0xfd9e6fd73a0694057b632d8d3d4925d99c374306,4,
0x0f5f4b5b7ca352cf4f5f2fc1ac8a9889decc4fcb,4,
0x761211d7735947225b397d7ebcf7b5b24dae44f4,4,
0x4c180462a051ab67d8237ede2c987590df2fbbe6,4,
0x6193181921a92c91e93233697058d8311e271a47,4,
0x81d8363845f96f94858fac44a521117dadbfd837,3,
0x3be670da0170396aaee99fb8fe8d31b8831fb30c,3,
0x6bad708dca00fd435ded47a112328dc68a88ba7b,3,
0x335750d1a6148329c3e2bcd18671cd594d383f9b,3,
0x89bc08ba00f135d608bc335f6b33d7a9abcc98af,3,
0x2c1c5c930b2e5e2d058db5c8ddf92683f319725a,3,
0x822ee635aea13af0fd00510d0cea3f535e77e0f9,3,
0x41b8501e48c634b253225c146bf61650d8a1ccfb,3,
0x4f8fb5970a8b6d3bee741a3a012112317b8d182a,3,
0x3d536f678f2bf3546bfa85c5e29fd3fe995e9499,3,
0x11ff58544aea8bdcb28eb350644d331b6f5a71f4,3,
0x7ba178fe710dea2034b94f21206811b8493644d0,3,
0xe006e905de2c1762fe90d216ef604f3e628465b4,3,
0xfba122c7c37ff64031b130007935dd2c8ece7b68,3,
0x94b7cbaa3713e39b8e383a950fdd4a2df9f7737c,3,
0xe0e3d2418cbd485155e19d684e824a04ac4be34a,3,
0x87b6f84a796300b9157b618ec05b1ec45e60772b,2,
0x172b64e148ea2712eb4d3a649e7ec6371ae9ae5c,2,
0xdf84580a0ebe9c9d91f859a9d660fe9f149fedb8,2,
0x66d5756007c68ba2b62276620fb52066db082e42,2,
0x926bf90196781cf2161535d48af542889cac4d2e,2,
0xd5c94e168fa5b912472f8fe08f6b581ca286188c,2,
0x640bf77eb2c792b57e4e1e9ab9e7a7c4b32e1f12,2,
0x416340c13d97470cb7b60cbe3f3c7dea126593e1,2,
0xbab1de5318b7a92217d67c9abac94666e77cd33e,2,
0x7ba5409829ba020377f3a47ba32434bd03c47cee,2,
0xfb4931fcfef8920d9d50cd75c776650ee76d41c0,2,
0xcfa22c5d559ac98efbb3931c34c518713bd64f2f,2,
0x49e96e255ba418d08e66c35b588e2f2f3766e1d0,2,
0x0c5a2c72c009252f0e7312f5a1ab87de02be6fbe,2,
0xbe72d4a70c047adc435be93b7e8ccde6fe431f58,2,
0xf80666f7944ba98d46a3678b5091747748312afd,2,
0xad36a2e01c713efb1efaccfaa10bf74ecdddd1bf,2,
0x9c606f6ffcb2265a824522f096dc0ab3e81d5f39,2,
0xee4b69b2c5e445bd892229f23c217cb7e269d3c7,2,
0xfb98a05d854f2b1fc8c3d1f561fc3cec4c60feda,2,
0xd3af49e017ec09c4b83ba42aa2dea7ebd637e7aa,2,
0xed925f90d0639cdef4a1cfaf30f6ea4ab2bfd5cf,2,
0xc350438bdc8b4b74f349fb7dbe1f45de454cf4cb,2,
0x384324a2fb783cfff8d0f5ebb3f57955ffb8d565,2,
0xc08f846cdbda1559716239bb53e9127c1378b543,2,
0xbd8b192d2081b77e148095c08dcc719e61c2d826,2,
0x53430bde5e57ed878406a20ca101b0853f173acf,2,
0xa28e6873fd7e1047ec3d5aa4bf5e344a38b42c85,2,
0xe9cb096eaae07862322a25fdb4fdf7d7c61a80f3,2,
0x47110ef346dfa4da0f0ef6ece047632e2d7c771b,2,
0x77e3cf7d9051f7e76889ec11d9ab758f9dedc5c4,2,
0x2279407d69f57be41fec1267207b795a95e9150b,2,
0x518073eebc307261ad16717a4985efe063824eca,2,
0xf1246624ebdacae1e3a576949e39321d0201ecb9,2,
0x634eeef5d8314e0f0056c11f4d1b1837c32ba10f,2,
0x343ee80f82440a498e48ae186e066809750a055b,2,
0xa333e5086f629269996bb6422b0fe78f3781f039,2,
0x661218f97ee63af34baa42d8de03ca57c2d64f1c,2,
0x42db18d76f0cde2a2c6115017f177fffae4d5409,1,
0xc1b1b4c02e8c3a73ae8f035b4ffbc1659799315f,1,
0x9914d211d618ead502dae8a022ad158b7e1031e8,1,
0x4d0abff7aea667cc7a44a9fabdbb803eb547a8be,1,
0x717e61157ce63c7cd901dcb2f169f019d16c5ac9,1,
0x80b9aa22ccda52f40be998eeb19db4d08fafec3e,1,
0x8093beb541d3a70d87cb983986912c8c57e44a60,1,
0xe64bf764e42a03d54685acf32379c0f0b7b0a625,1,
0x5e95b00eb048ba226e37f5fcbab2ebd8b530c83b,1,
0x92b5713487685a8ee64a026a9ca3c0711a4170e5,1,
0xdb143deed80135e6537930dd9571e5f106ccf3cc,1,
0xc8cef1c4161874efeb0f11d9b4c8b7b8e77924b0,1,
0x6447ed97ed1b4cd763d36f3a0cf71a51b0bcfed4,1,
0xcba44d85b5749d598aeac53a75be05975e958120,1,
0x6d0bbe84eba47434a0004fc65797b87ef1c913b7,1,
0x6c0cf880cb20eefabfb09341fba9e2bd29ad3dfa,1,
0x325e508f633f30b34444216481ee19cc8faccb13,1,
0xfb9744178e47572919c64c684ae3c5d0957cbfd2,1,
0x273e3027aed6c962f4ec076533824aecadd9dc23,1,
0x4947b8804e2d484f97c1e11ce565509641986848,1,
0x4e3b55df08ad13b8a44d3a681af081f54aaaa252,1,
0x200863d62ef91085898cf412f190f12bed5b601c,1,
0x7b50f491852b40e3e8ba4b03d7e70b9cf5f0ac4a,1,
0x49236ce2eb4b67618513b37f09c101183e7367f6,1,
0x2930fb8c544041497826c65707adc8df377044b4,1,
0xffe3a794afeb8e8ed5789399d1eda68d161008cf,1,
0x54207bdd0b6b1daa5bd98c0c8c2ebdef65f63a3b,1,
0x783bc2125adad868c5e353bb7df8c2b56c202506,1,
0x209834b1f4e96c4d306261159595b24c4cd23541,1,
0x6ffbb6c376d0cf590289671d652ae92213614828,1,
0xaf6193fd81b4c8435e6e81c45ee7cdc511fe5f3a,1,
0x440c8ab91ba7c8763b3d9b3357dc1c0d13a148aa,1,
0x5286bc17220d51a36e55f5664d63a61bf9b127a6,1,
0xaabdf7aa6830da9e6d3ed00aeb82ae401233ea49,1,
0x23e93121beaf08d0afbc39f351095605da8cf732,1,
0x491c7d47c8bc4535acff5b38e386bcd89ab6ce28,1,
0x7aa474dc7c5a04230fb1b0037b42bcdbf9894401,1,
0xb97f255b37eef7d47dbe1debbecd1f2ecfc37abe,1,
0xafba35f171afdd312a005d29a7914f041778cb45,1,
0xc61074912df6df64e35e1a9476ee4ef90c38f5ab,1,
0x7ddfc968a5d4840a6ba225b1495329cf717bba1f,1,
0x6f9883681643daf8704ecbc7351c7f0d7282a685,1,
0x67f8eccf03b9cfe8afc713ba0e4a75c56434f093,1,
0xf8e385fcb6fa88981518c33e555412249dffa2cb,1,
0x2a3b53e1ce8cb9f3290e9ba70033951f07c686f3,1,
0x78a550e504f059407e3dc43f7b798318b12ded76,1,
0xfb9ddb4ff057fcd4ae6fa7613e78bdeb5625f810,1,
0xb42d479f5c8f35c4703bd4de02f42d72a7de8678,1,
0x6d1be6742f6270ccf938ca08d660d5fd29ad8fd7,1,
0xff0c9ab27ee4bb684f5dbe47a80c0adda1eb4c8a,1,
0x87c27b0859834f837c862fa40cc5ce8b8e65604d,1,
0xc77e8d528ef139fe324dc43cd2240b10de3af9d5,1,
0xb25024c421d4f8bebe468d3dc353e07868c99901,1,
0x0b70cc5adaea9b0ff501462aca230977ac98a37f,1,
0x3b03c3977d784a6043034e9aafc9ba69c377a734,1,
0x519d70f1bc214e10a3fc502e9ee3a36d490a53f0,1,
0xc1fa63bd4189a9c49a30010b6a3ab11194a95842,1,
0x6dd6e20a0969782468718d5d8f35defd3d2f1db3,1,
0x07ac7fb4000fed898212f0b28d03df0365f7b1bf,1,
0x58ccb4de971e6bb67c0ba145d2e466cf83c71220,1,
0x529ad6f0daaa00d9f47276bba4fe8d4f72f1caf6,1,
0x11c3a7ba155c1ac2fea7002659e5146bc00db217,1,
0x963124cd39589ad8a9ec94ca6a23c063e79e76df,1,
0xe977f6e5dfa9da101a028722a84c1b3377947e02,1,
0x10a3c7a9419fea6541c4c3600f0a1fe7199f1216,1,
0xcf444c7efbff36f78ee34a29e24714db294f6ca4,1,
0xc6e5c042b34a0b88df9d4fa00849ba8ecfad1894,1,
0xe65d8f5345bbfd8adcf8f7e5b79c4b1f8420551a,1,
0xfea8eb7c379e426a5b5654d65fb2b95e0a1f43f5,1,
0x00e66bc44e2b0a88c9293bb2ca8d0b01cea1e82c,1,
0xb831cc6389ab0ef6ee76f079b6655fe9e00aab23,1,
0x15deaacce662bcbc9fa55ab76feb9710b16be260,1,
0x0467c42b3c6048b17c623a59f04a10a4bcad0a54,1,
0x3213977900a71e183818472e795c76af8cbc3a3e,1,
0x33ebb62dc9ddbf6b8f3c0efdf5bccc2e7ac60211,1,
0xf176887ae982d0fced650130e70d2d47344d0a43,1,
0x40c2189783d676e39124841727f7acb458d1827d,1,
0xf494b693d210990dce061bfca03df49ec1fffd17,1,
0x80ef08ed4d3bb1fb6006e515f4126f223e6bb219,1,
0xfd448b69b209bcca597c2424a91f84a269dccd00,1,
0x7c57b329266f1d1c4698fa9db91d8b73b2699326,1,
0x0f485d1768a42096372071501fbe779923fb54ca,1,
0xd3d2718b6c64d5571c0aefe54365ac1cf1059f3d,1,
0x723ac9c59d2711313d05bb945f1ed857562abf90,1,
0x10a2e2eba934c9d494d49b1847eeb103f89746f0,1,
0xf92f3c61c7f7063d1dd3081c55e798e206fcd6b5,1,
0xc4da1707a7a16cf4ac15d75d6a49a684b23ee1e4,1,
0x795a805d3bc88d0724dea1432f309b65caeef89e,1,
0xbf891e7efcc98a8239385d3172ba10ad593c7886,1,
0xf124c75e2d9b8c0457a128597b90161141e043f0,1,
0x4a401ee7fef089cd20d183fe2510d7bd38294728,1,
0xe640b03ac3fa996de20fbe791c08248087d8583e,1,
0x87bd5a0baddb682bee234ebeb771b33636ed5667,1,
0x4cc08d4440ff49d4403159817868916e8a33202f,1,
0x4d5ea105deccff5bcd373c31d742a455351a663b,1,
0xa396b69c70f6975397c33c824ffce9d52665d139,1,
0xd138cd50085c4d94633f906e58ec88f0e8e9bd29,1,
0x5cbf3dc9ec8694e29f85505be9ed39cf07081cb1,1,
0x16ce1b15ed1278921d7cae34bf60a81227cfc295,1,
0xc37b5d9a854de08c5d74522b726c316833e6a047,1,
0xc03e498be8a5321ee5f5b3f8519002d092114f48,1,
0x45eb4536b9ed37a6d54933ca1cd26e7b75a1feb5,1,
0xa2732f0cb76239cd827a0e0ede445c0a42047dd7,1,
0x86cc7ad354441bae1304f55c1f6df8ba98d44af2,1,
0xaae8c50d76c76fb8947c9a203103d28b55862977,1,
0x3c1fcb4618db9e257bce21c65c22e58321a3f198,1,
0x4a38fdab9a26886ab32c5682e2c559fb4b3d443d,1,
0x084a35ae3b2f2513ff92fab6ad2954a1df418093,1,
0x3ce8271e15f0b0f948850c5af535bd917abb8104,1,
0x29a031f1f19a04f341bc941fc84c093f22334a9c,1,
0x156a4c4e0fa4f08ad0cc1a2063c67690a3ce24b3,1,
0xb8365c2810e4b0fd93d1eed4a9df0a0c0dff5d6a,1,
0xd25f8970f1af8b9e4e6df566052853b52e1394e4,1,
0xf2f9dd8dbc2a8ced5d456dccf0e8319adc57a617,1,
0x463c2bb76cca5504beed1cae80499cad5615b99c,1,
0xd4df7995a803fd606c8df96aa882c3b81c7e0319,1,
0xc47fae56f3702737b69ed615950c01217ec5c7c8,1,
0xf6d9a69db4dbc9eb5be113a37f09cc7fff30200d,1,
0x5eba866737b11db59fc60ae3756aa4a16ae2b8c1,1,
0x9d1b27796adb236512d4bc0f26de4c12dfde37d0,1,
0xbd10af2ffc90780fc1b35d75b0cd8e40d255b23a,1,
0x730a4924d660932b66b2f0c2cf4e620bc49089ef,1,
0x6909e31e2dbf9b1140dca85acb77224b59258a9f,1,
0x77c352f71be33fd7104c7b804ba96dd7d8165224,1,
0xa1c1d471219cfd08a09edef8049d7c806411185f,1,
0x4950ab279a968016ba1a852c7888b64154d65dd3,1,
0x2aa7e7f01e854534116bb882e44c3b72c3259028,1,
0x3bb4fa84b120ac0dbb4a6bb0442fe2c47e324a93,1,
0xc1674056bb58f18b07c5f07be0bd76c77ffc40c3,1,
0xfd7fd64fb6843e13e3f476485b889b8e3977a244,1,
0x03c34f7350e2de6d543363bc70d2865969dd6a3a,1,
0x3fe2d81327489557e9eb5f70c4aba62620a6b639,1,
0x39f4fb8dbf96cba175e88817d5667e9ec5e40de0,1,
0x0406383c5d0e328310800c3da5c3483a40ed33ae,1,
0x19dfdc194bb5cf599af78b1967dbb3783c590720,1,
0x4c09e512b5b8d1eada8fc07ef45406e4623d7fdd,1,
0x4f470bbb58f35f9427034b26ae3f4e7b5126302b,1,
0x72eef83a87e789a6a05cee519a9c4c1f776515ca,1,
0xced462398bdfbb1b45d75b7f2c61172643a18009,1,
0xbd2024866b2b1ede8a4cfdb1bfd2cc51e027ff26,1,
0x01f496e86a28ba6366292ee80cd70378e33988dc,1,
0x88b835e481cabef3c7c35e4007b2f413aab7755f,1,
0x446d164270740f84062c9ca6162eb322b4f16bd3,1,
0x0e8d7f91fa72ba92c48daeace79f9aeef7ceec1e,1,
0x93bbf2b1ffe750fad9a83384e6c4fbca01401b03,1,
0xdbda2dd2888740767154485c485c4a0df5120a3d,1,
0xb385222c461dd7df0526ed22568b81984f6e5f02,1,
0x0b0a6c36ad7f696a41f7de287eeb390f6167d339,1,
0x8828157f73b1363693d7340e35257bd6a40cb59d,1,
0x64c4816f1b09f44d69bded3f9f3acf486552b0bb,1,
0x8a249d31750d727e6a3a7b534255badd575aa26f,1,
0x9fbb12ea7dc6de6503b35da4389db3aecf8e4282,1,
0x846976adde6f17afd4590312781dca81455c21d8,1,
0x80d0136a4352966eaf4bf0bfd9d09615fec52641,1,
0x567da563057be92a42b0c14a765bfb1a3dd250be,1,
0x8325d26d08dabf644582d2a8da311d94dbd02a97,1,
0x80b1781a0c8c785ad00fc42e6784d662de4a1149,1,
0xd94fd5d9f4dcd76137699966555bd003155983d6,1,
0x8d84d5b85bfe2a269afa305afdf422a39927adc3,6,
0x7bfee91193d9df2ac0bfe90191d40f23c773c060,6,
0x562e4e25f4bb991c66cdb74c4af3957e0ffd3f89,4,
0x42795a86c8652c163a9fcc90352ce1ed2c28c1ed,2,
0x60559b4cc92292b589ded75295f5331adcc69e04,1,
0x9828f67a7209e0b42512f309f46372ee4b3e9c3a,1,
0x2af7e80c1de9cd4acb5af748943c9f4eab549b78,1,
0x84122b2d00c7d32583ddc91e70a2277299a87611,1,
0x5836150ef9d823e815bc692f4b8321f9627c6578,1,
0x6dd6e20a0969782468718d5d8f35defd3d2f1db3,1,
0x5b6369d25ee3d18966ad8d13015185a1b3926c95,1,
0x4cd6b970f42b41ee58c2e4b7ab99863d5ae52a23,1,
0x0f763341b448bb0f02370f4037fe4a2c84c9283f,1,
0x995d1899cbbc2bc92cca6f264334a15b1d75d928,1,
0xaae8c50d76c76fb8947c9a203103d28b55862977,1,
0xfa2a0d043649eb88cd9c1af611f3434d4d61a101,1,
0xf13f7bf69a5e57ea3367222c65dd3380096d3fbf,1,
0xf3e9848d5acce2f83b8078ee21f458e59ec4289a,1,
0xe0ba214ac32c876c316d320feff0b96409da0b49,9,
0xa4c8d9e4ec5f2831701a81389465498b83f9457d,9,
0x08c16a9c76df28ee6bf9764b761e7c4ce411e890,9,
0x7e73ccc793e2448c4510249e71de9aee4442d7dd,9,
0x49e96e255ba418d08e66c35b588e2f2f3766e1d0,9,
0x7066c68f07072e1dbfd2bacf609be764741fc915,9,
0x4c180462a051ab67d8237ede2c987590df2fbbe6,9,
0x66d5756007c68ba2b62276620fb52066db082e42,8,
0xe11bf8c9d4fd0dec48f0c8e54c7083f3fed8ee5c,8,
0xe8f379c8014745a71e566eb9d0e5692a67081a45,8,
0x68ffcb1b5f8e5d035c3b4bf49f8f139f49e45509,8,
0x6f98b848ba232d26fb80f8b2bce3e96782f27946,7,
0x761211d7735947225b397d7ebcf7b5b24dae44f4,7,
0x730a4924d660932b66b2f0c2cf4e620bc49089ef,7,
0x6193181921a92c91e93233697058d8311e271a47,7,
0x942e70f1a4f1b8ea4a47eb04c97dc5a399dfe606,7,
0x7bf86f83826c18ce9752ae22365176eab17db488,6,
0x828ef26d34c64a6210ed38b8807805312fc8c9fd,6,
0x126ff595c723e0394ff44503c8019a50942f717a,6,
0xc4da1707a7a16cf4ac15d75d6a49a684b23ee1e4,6,
0xa376466cd91feaab2b18b50ba00a5fdf4b70a8a3,6,
0x2c1c5c930b2e5e2d058db5c8ddf92683f319725a,6,
0xe7003d4f740d6bbc2bb0f057d41df36085d8cba8,6,
0x41b8501e48c634b253225c146bf61650d8a1ccfb,6,
0x5286bc17220d51a36e55f5664d63a61bf9b127a6,6,
0x11ff58544aea8bdcb28eb350644d331b6f5a71f4,6,
0x89bc08ba00f135d608bc335f6b33d7a9abcc98af,6,
0x434325659ec3d59c9883876b4db666bc381fe8f4,5,
0xe86c9cb39b281f9315b0b98cf34aa388daae0c65,5,
0x0f5f4b5b7ca352cf4f5f2fc1ac8a9889decc4fcb,5,
0x81d8363845f96f94858fac44a521117dadbfd837,5,
0x6447ed97ed1b4cd763d36f3a0cf71a51b0bcfed4,5,
0x7ba178fe710dea2034b94f21206811b8493644d0,5,
0xdeefa727ca44b9c9fd9a8419dbf642fa0fbdd0a1,5,
0x43767496ae21f1c8e7fbd70d2138e757da8b3480,5,
0xbea645da9c7f6de1f7e287759ccbfd5ab9f57c08,5,
0x084caf1bf60e49aec07ec4148a3f1f0f57fd11eb,5,
0xaab8b72aff49e680e6458d4b9806ab9d1730123a,5,
0x6bad708dca00fd435ded47a112328dc68a88ba7b,4,
0x2b3efa36001550fe6d8d2e49009f9287b35e15b4,4,
0x518073eebc307261ad16717a4985efe063824eca,4,
0x4304db029dcf336289dd66886f1e6e8c20fe94d7,4,
0x17f034fa50a0fcbab052ca51f7a307f97b7c5e4a,4,
0x87c27b0859834f837c862fa40cc5ce8b8e65604d,4,
0x239477fc9a135016ca69ad928cb3603b28f96027,4,
0x4f8fb5970a8b6d3bee741a3a012112317b8d182a,4,
0x87b6f84a796300b9157b618ec05b1ec45e60772b,4,
0xbe72d4a70c047adc435be93b7e8ccde6fe431f58,4,
0x6a191c11fbf567bb19f554393662da80d269be91,4,
0x77e3cf7d9051f7e76889ec11d9ab758f9dedc5c4,3,
0x634eeef5d8314e0f0056c11f4d1b1837c32ba10f,3,
0x94b7cbaa3713e39b8e383a950fdd4a2df9f7737c,3,
0xfb9ddb4ff057fcd4ae6fa7613e78bdeb5625f810,3,
0x29a031f1f19a04f341bc941fc84c093f22334a9c,3,
0x0edcaeb7270005f31e51790ba2c5c574ff24dec6,3,
0x3213977900a71e183818472e795c76af8cbc3a3e,3,
0x0160f156be6f9fa133dedf1a0340bb67ecbc41fb,3,
0xa1c1d471219cfd08a09edef8049d7c806411185f,3,
0x7b0ada9e6dd678d8e0ce28f6e525de4a844b8f14,3,
0xa28e6873fd7e1047ec3d5aa4bf5e344a38b42c85,3,
0xe15494e529d8ce5a9b37ad51bd082a884cf3fa74,3,
0x5459da5da7cacc91a674d9addb5d884c23eae3e3,3,
0x79c6c56ae4d990bf357d2ae45fe9a6bf191ffe71,3,
0xd95677f6b9cc860b6fd54dc6554236a78e6ec8da,3,
0x40c2189783d676e39124841727f7acb458d1827d,3,
0x905f996c9e2452b42e93a877c53fa650940f8b1e,3,
0x335750d1a6148329c3e2bcd18671cd594d383f9b,3,
0xa8b4c7f8b3d91b324f815252da74884e68fb4c4c,3,
0xfa3abbfcde33ae995e4d5e103e29c797d29f594f,3,
0xb6b750065056f3db554f295f02300c38f8963aeb,3,
0xe006e905de2c1762fe90d216ef604f3e628465b4,3,
0xd3af49e017ec09c4b83ba42aa2dea7ebd637e7aa,3,
0x08776603add5f4e0ea6fb1d4b25d65c500ea1667,3,
0x846976adde6f17afd4590312781dca81455c21d8,3,
0x07232c14cbe4eb27988525a2dfaeaa3a00d0f700,3,
0x3b03c3977d784a6043034e9aafc9ba69c377a734,2,
0x5f44fe1c8b5d0802eda2a9b638c6163ad52d633b,2,
0x172b64e148ea2712eb4d3a649e7ec6371ae9ae5c,2,
0x38d2dfc2f67ce4a9daefe6c2f2e3882042f5e439,2,
0xc77e8d528ef139fe324dc43cd2240b10de3af9d5,2,
0xf1ed8db37b7474fb5bfe01b58def6001955a2d2a,2,
0x23e93121beaf08d0afbc39f351095605da8cf732,2,
0xbd8b192d2081b77e148095c08dcc719e61c2d826,2,
0x40495a781095932e2fc8dcca69f5e358711fdd41,2,
0xad36a2e01c713efb1efaccfaa10bf74ecdddd1bf,2,
0x630060f958b3326a8b01d5504840b6c6eb1c3b3b,2,
0x200863d62ef91085898cf412f190f12bed5b601c,2,
0x416340c13d97470cb7b60cbe3f3c7dea126593e1,2,
0x5866d07a1b9ac4fb62c732e27528206c4ab78847,2,
0xc47fae56f3702737b69ed615950c01217ec5c7c8,2,
0x3be670da0170396aaee99fb8fe8d31b8831fb30c,2,
0x94b3c8f399c0d5703603d2b0780fa08a8e436fd8,2,
0x926bf90196781cf2161535d48af542889cac4d2e,2,
0x4da4a2f69cb2f61a49efb7423b1f093b79c6f1f2,2,
0x2d96daa63b1719da208a72264e15b32ff818e79f,2,
0x440c8ab91ba7c8763b3d9b3357dc1c0d13a148aa,2,
0x38daea6f17e4308b0da9647db9ca6d84a3a7e195,2,
0xfb4931fcfef8920d9d50cd75c776650ee76d41c0,2,
0xc6e5c042b34a0b88df9d4fa00849ba8ecfad1894,2,
0xa396b69c70f6975397c33c824ffce9d52665d139,2,
0x5cbf3dc9ec8694e29f85505be9ed39cf07081cb1,2,
0xc03e498be8a5321ee5f5b3f8519002d092114f48,2,
0xd497ed50be7a80788898956f9a2677eda71d027e,2,
0x64c4816f1b09f44d69bded3f9f3acf486552b0bb,2,
0x8316477f98994f73eb502030a9071f8c585e4ce4,2,
0x325e508f633f30b34444216481ee19cc8faccb13,2,
0x4f59ce7bb4777b536f09116b66c95a5d1ea8a8e6,2,
0x3b7ee2cde35e867ebc9bf248c2e5e723bd2653d0,2,
0x308bff328370fc4a9683ab9fcd79a21be6dc5ee4,2,
0x9c606f6ffcb2265a824522f096dc0ab3e81d5f39,2,
0x05bda4cc6ee3a21f5696c5db17fc3b5729fadf5f,2,
0xd3d2718b6c64d5571c0aefe54365ac1cf1059f3d,2,
0xe4d626dab0ec019a9a42ebe78d78717e8153de3a,2,
0xdac2c5d760ff866bc796ddb88dffec3d9a90b7e5,2,
0xe640b03ac3fa996de20fbe791c08248087d8583e,2,
0xd8640bb5bddc66be318cd46668502a37f829e495,2,
0x0e8d7f91fa72ba92c48daeace79f9aeef7ceec1e,2,
0x4c09e512b5b8d1eada8fc07ef45406e4623d7fdd,2,
0x80d0136a4352966eaf4bf0bfd9d09615fec52641,2,
0x717e61157ce63c7cd901dcb2f169f019d16c5ac9,2,
0xa9f05d92ba412b903559d16e343f1fa7faec0229,2,
0x2cfe30080f3a5644c763c4a3fc88e8a1fbd55526,2,
0xeb519f1e37d5c2383a8dbb7ae7110ec742e8d6b8,2,
0x572830f18f941fe8bc92f2f5264cc974c03e8cd1,2,
0x052463c5b558f273b69f5d831603a815ae4eea41,2,
0xe822ecac55a3a20bb4b24cdd83401eaa73dd3bb4,2,
0x403c3b59434fc958821fe1824c4738b16b5a35dc,1,
0x7cc58c0492a1a02472b5dadd899aeae9fc5d8a4c,1,
0x7cb5fd8cb523598c4f1324d51dcec4e54aea52b7,1,
0xd66a26f2ba12661098cedb63f7118bbb9d2aece9,1,
0xab4edbd86ab484019da2136e884d284398a2f442,1,
0x56b496731e46cb5e4bfab47dcd58717e70441b8d,1,
0x72eba299088937ceaab3d7bde6234aee81a8bf76,1,
0x6ed88188da646b6fe64022895de4045c35eba48e,1,
0xc2f6ef6ca4ca54517ff15b9f4860f990031e19ee,1,
0x5f7a8fb8cc29e795ba19191dd74d69a90cdadb88,1,
0x0b0a6c36ad7f696a41f7de287eeb390f6167d339,1,
0x979c341edb41e42b3c7e1206df38fe27c0557a34,1,
0xb852427caaaf33558ffbee00bb2029244f25eca4,1,
0xcafe10a74a4589f0daf0e063039775baba2c1437,1,
0x8d84655346b3d05a670f78e8fc094f729cc8a682,1,
0x7defa6005d1ca0d8ef6cb0a7621327d80338211f,1,
0xffbca20c7cd502e10c0ac80c4e2b4542938bffa6,1,
0x7c57b329266f1d1c4698fa9db91d8b73b2699326,1,
0x46f1fc698ca29143405e311833aa937555340d44,1,
0x7e27e03e130a5a75b4f7a24d6a15aab08b8f4582,1,
0xbc191920f303f7616fff4a8a8a24896c35b0c7da,1,
0x661218f97ee63af34baa42d8de03ca57c2d64f1c,1,
0xe1442354a8d146716bcdaa5cc5caf06abd08561a,1,
0xc958e1c284f4a33694aee982186dd7915b30b841,1,
0xf3d303279e06e8aed808cdb0fc3e8a4612e7ba5a,1,
0xf2276fe14ef39827d75840a4bee9c09f589f0a29,1,
0xede11033951c5e7393816aac3640a3eea0403a55,1,
0xb33d0e6f2e2013094ea75df3037babf111e3978d,1,
0x01d390745036735823382ee5f5c8bb8a9af12f25,1,
0x6d4f97bc946e75b3e7ecdd88dedacbe46cd41870,1,
0xa948d005492a63001aebc94a57f5c78894e3220f,1,
0xffda03a768535823f6c7b216e490d58be9bfa22c,1,
0x1bc3e2c44e0b2dabb1b06a1890273571825d3e03,1,
0xc1919783310f5fb465dc14297e37345288862e3e,1,
0xd1a7c17ecf169a49e222a3f364c0fde9db9e491c,1,
0x813b18f11f57b51e94410581ed0e68c4757bc783,1,
0x0d7b38ae4f10859bcfdec42d46815974a982d6ab,1,
0xc1674056bb58f18b07c5f07be0bd76c77ffc40c3,1,
0x9d8dfe1d7cd6f1785aec71e34be7780ddcb4e0c6,1,
0x2a7e86f90215062ad6aac678a3586b3bfc73cd9c,1,
0x73dbe803ced34c0d4cf64ca9f2eff348fd365781,1,
0x2b29cabe11a12ed704925f9a113d073528c0d382,1,
0x4950ab279a968016ba1a852c7888b64154d65dd3,1,
0xd6803a63775e678a346d5c07cf101aa01dd88734,1,
0x68fcd0c2b6a0af11a97c4547c7cb0947c2f63d9a,1,
0xd0628a21dce295967786b3f51439140435221328,1,
0x322632979ef7596acf9e5867a561b31c381a6dc4,1,
0x1fafb618033fb07d3a99704a47451971976cb586,1,
0x72929a5521a1907e9bb270ebed05bca2b1407d67,1,
0x909223eaced5ca58fbae525fc0f2f48e4fb02483,1,
0x6a11c68dfd3c6c20bd4f901e6dbd3e9a826b2161,1,
0xab961d7c42bbcd454a54b342bd191a8f090219e6,1,
0xbdcf587d64a0dba2867159ba1a755ea0f9c7d97a,1,
0x8f200917dde44b546c6f9044d47db833c042c0ac,1,
0xd32a32ac27806805e998d71508fa1ef0e72e86ec,1,
0x9cee04f969a6bc8d6d9781058d354ef41c6d3f65,1,
0x6fae86071a913d66bbc3b10857581370d653dce9,1,
0x5e95b00eb048ba226e37f5fcbab2ebd8b530c83b,1,
0x64cf099b89538e2585dc789a1b77f2e115b4f3f2,1,
0x4d24fef69e754c012633ca13b9af40a132e1f107,1,
0x2fc27f7101aac6d1a5be87d785783fa2da103c64,1,
0x9914d211d618ead502dae8a022ad158b7e1031e8,1,
0x567da563057be92a42b0c14a765bfb1a3dd250be,1,
0x2b40fe0496d15db07cee4c2d5a6b1ba99c873b88,1,
0x6c5663eb56358ed2d0d41bf372685d56ddd71369,1,
0xf61c7b8debf1e6f76f02a2e68129e0ffbe6f2db0,1,
0x163b2766d3f71738702623f3b6ea7455192f2e7d,1,
0x851fe9ef9b873d08b9a61b6d32e0d6e9ec881e03,1,
0x9277fffdb20813aab1d240bdab186e3efddf3884,1,
0x50d089792b78d86f20f58fc3b70afc3f5839b778,1,
0x80835bb6000ca3bf97da32233c5818652d8bf495,1,
0xbd2024866b2b1ede8a4cfdb1bfd2cc51e027ff26,1,
0x01f496e86a28ba6366292ee80cd70378e33988dc,1,
0xb44ed59e17ac8d8db8fc15619142aa5c7b776400,1,
0x54ecc92c9407b74138fcf45e284425139687ca56,1,
0xee4b69b2c5e445bd892229f23c217cb7e269d3c7,1,
0xea080de78b140031ce75f6cd7dd7e2cab854e240,1,
0x6234ef4c5efb91d438c34aa62b3a05d0cb4548a8,1,
0x8a249d31750d727e6a3a7b534255badd575aa26f,1,
0xa2b16c27c0766a1df18892f7b0413b4f5806ee4d,1,
0x208179e4bbe02becf0debe91305b702f751c0738,1,
0x7dd3a770ee63be630f117b783b254a046e389310,1,
0x6f0d7d31f8124621a91c7d27803f60dbf54e42bc,1,
0xa5254c2ad5a59e716cbf015b7b910e605ee30804,1,
0x4d0abff7aea667cc7a44a9fabdbb803eb547a8be,1,
0x8e4a821ceb881feb30e0c7a61d789e8d318f2af2,1,
0x68aa2b9f883e9ed303251d2cb170cf4fb58dc882,1,
0x75d4bdbf6593ed463e9625694272a0ff9a6d346f,1,
0xa58f60e1e8a0bb1fc29c7834bc67ce70c6149779,1,
0xfe8d7c5d07ed49c3dde717936e230ce029311b1b,1,
0xfa680ed7f703e55e3615672259d21f76fec768d5,1,
0x43e00720bcbe904f70194300b58c46a3613bef4c,1,
0x822ee635aea13af0fd00510d0cea3f535e77e0f9,1,
0x08f2880c500545bffab72d81a214b8b6f9438d70,1,
0x193641ea463c3b9244cf9f00b77ee5220d4154e9,1,
0xaa16985efd4ff410573d731752771aef1f2539ba,1,
0xb4db42e3ce0bb28004c3ddcb85ccca9b66b63594,1,
0x01358cf1c74d8614f6ab6e2b2121921a78289dec,1,
0xd2b3e52461f289c0376a2d2f482206587b259552,1,
0xec7836bdcc7481d3450e3f22fd9a3ae928d753bf,1,
0xafba35f171afdd312a005d29a7914f041778cb45,1,
0x5b191f5a2b4a867c4ed71858daccc51fc59c69c0,1,
0xf8e385fcb6fa88981518c33e555412249dffa2cb,1,
0x1d0d9ab68885c90ef4d579900bbb3a84e86bc9a6,1,
0x4bc53a0240e6807aa3d2bb33f673cca9015c4e46,1,
0x0c041f7675ace123a517889f46931c2df78420e7,1,
0xac89e3197b5dbcaa9747c971c4058d85bfbb8c1e,1,
0x6031991f57419e56ac95b53b05b5eb4d61c6f1ea,1,
0x24db8a0a16da2812b55af4d0f3a8ada8a68a330f,1,
0x684fa178986f34293b8e3f98635789ecf47234a7,1,
0xb9ff331293f1027be25d1aaedafc0cec3ee6e16c,1,
0x529ad6f0daaa00d9f47276bba4fe8d4f72f1caf6,1,
0x17bb6b65b7b5bd3651782ccf2e01c2c9c34ea0fb,1,
0xade18d55dbfe9336d4966502f1cdb56f800c0bc9,1,
0xca1b7d12e162b7ac5929112d2e4c99aa5e317644,1,
0xb7802764002a0b15ff89300bbdf0de80a50c5d9b,1,
0x4a46597a764a9b3d899408b9700db9efbd1f17e4,1,
0x83d364e74e81100cf7343e63e415ea441f961394,1,
0x082163ebddbf26e0a5c74123dadae25fe1b614da,1,
0xcf444c7efbff36f78ee34a29e24714db294f6ca4,1,
0x00e66bc44e2b0a88c9293bb2ca8d0b01cea1e82c,1,
0x68de80f42334348401469f479447fe7448418d08,1,
0x9d088ca274737ab70acf8ddababbb13b6aad8962,1,
0xf0cdb2de342184d43bf7a457a3391eb34f9e56a7,1,
0xe3c5f195efb34d723543d8bd5bf85a910a22852e,1,
0xe8adbfeb2112b81f640df743b7919c3d68afc078,1,
0x8da0a5f9dd8ad28298041835259281ce05feaf3c,1,
0xa66af16184134b48cbf2eb2918ed802ad7d244aa,1,
0x6d4fb10bb34a2ed1db0f208349a906edd2567d45,1,
0x8bb2ae0c52a45845efe81a1180f0fc3ad7c97724,1,
0x723ac9c59d2711313d05bb945f1ed857562abf90,1,
0xf0ca86c45875e14bf97ea30d07147b434555cee4,1,
0xf92f3c61c7f7063d1dd3081c55e798e206fcd6b5,1,
0x10a2e2eba934c9d494d49b1847eeb103f89746f0,1,
0x75e81a1445a06bc3c4b0d147d0433c5e91209673,1,
0x9c6e5bceb7729742c69323f24db372836a022258,1,
0xcd1e27461af28e23bd3e84ed87e2c9a281bf0d9f,1,
0xf124c75e2d9b8c0457a128597b90161141e043f0,1,
0xc6e4ad3ccdfc65687d2d60a454a8bddc1f4d6c06,1,
0xc691b5730a95791c9394bf8ba61a40c66b23339e,1,
0x11d42300b6e1bb4039ef359cc5a53ccbf3d10c72,1,
0x4d5ea105deccff5bcd373c31d742a455351a663b,1,
0x327a001fc673fa8a384c2ec024cdb395671927ea,1,
0x33cc21363b49154d6fd0fabd9db9d530831c13ce,1,
0x1ab4e2400cc4bc7092474b026d20e5808498cbf2,1,
0x0f9eec232fa6377eb134bcef29edbf7deec60c97,1,
0x3c1fcb4618db9e257bce21c65c22e58321a3f198,1,
0x76936c74b4e359bc43ca8c39e74a0a74de5c9eb8,1,
0x1d5a4017dfcd1ea80eb55a21ea46db3dd00c62be,1,
0x0af7b3682eed0039a60279b1fbe89f8e144d4ba3,1,
0x63eeb5e5bdbfaf2c35c6f89557425ad2079178ff,1,
0xb96efe2fe645b6d153014225d14d5b3e78b5bce8,1,
0x3ce8271e15f0b0f948850c5af535bd917abb8104,1,
0x360cebac3453204d44032d4e4d2c9896de48a85c,1,
0x58a049263e0754cb51a63248c34ffe07e8434899,1,
0xef1ba93236e576aef61f1326c8a342f820f0a2d7,1,
0x2f5fc65b9c6d1fee8ba4ca23fb2d7c363c95133c,1,
0x9da0f35bfd20001d3e8ba4ca13040069a9529d4d,1,
0x768abeb5eb4bea06c651f7b9b4fa816c410f87a0,1,
0xada2bd6a38d5aa0008221fc8f28eab5ef36cf7e5,1,
0xcdcfdd83d23fac475962a8ee6bd2b09f9c62ab7f,1,
0x11fa77995be9ace56eaebc4fd3a925dd1127e4ff,1,
0xf865067a5b9672f11af8514440d9111afd05d040,1,
0x573123ff11deb1dfef022717691e7d327e2f9e73,1,
0xf814586260884dc519c638dc84c88c5b42e56511,1,
0xc435c05232a18b79ad71a4df4944fb70a1b8e488,1,
0x51a9ef6b26a6632b434fa5b2f4f706be822cc39f,1,
0xbdfa4f4492dd7b7cf211209c4791af8d52bf5c50,1,
0x0c55b13cec1df9a2acac90d16e80105fc3207344,1,
0x0406383c5d0e328310800c3da5c3483a40ed33ae,1,
0x0022e00560d1fd651e71df08d98edc028e3baf1a,1,
0xcddc0759d8fe66dada09708d3afc36929e07402b,1,
0x9dd87184d2b4945437c2671a277cab687bd8ab47,1,
0xf056924addd5da427767f8bdcefb4d4cb1b9297d,1,
0xd92e047c8c7389ae4c4e32084c7d350b25c2583e,1,
0x085843dbde124ab8babd558fea60534962628338,1,
0x63fa7a8f90d79d82413026e85ba03fb3370004d4,1,
0x157a0dcea26b48d79fed620728eeaa2cf14063e8,1,
0xefd91c9843966d49dd4299c9d48383f75d47d4ae,1,
0x6281559f11b64180700b3ebb3796f5da2e678f2f,1,
0xd664637671a42a9b7248af9bb6c6346defc44032,1,
0xdc9096ec2e81fd5a94b52c69d5fa926c0dd6833c,1,
0xa0eb44b173af64f2fdb47c7d76ff3a33e04103b6,1,
0x2e88edca6953543576f21d8d335b5252b5203411,1,
0x33ebb62dc9ddbf6b8f3c0efdf5bccc2e7ac60211,1,
0xea23c259b637f72d80697d4a4d1302df9f64530b,1,
0xffd5032c66a05bc33cabce9583427c79b31e776a,1,
0x251384107fcaa63b45e15b08804af40db90a922e,1,
0x28704100ab484855ad9cbcf5ead3b67fdb0e3b83,1,
0x735527cd1437f5cffd2344254f05f014d689be47,1,
0xe3ecc118e2e8a4ae51799687ab89789fa01e912e,1,
0x455d5295cad12eb2c35c87adce721cb641b5d47c,1,
0x8828157f73b1363693d7340e35257bd6a40cb59d,1,
0x67945934c1eec0db872d3e5bcc6f6c949be38a54,1,
0xe58df0545591b94eca6f4ed87397cd162f053809,1,
0xbb7f88d4230e817c38b5f2c2c4ee30ef796e12bc,1,
0x9844d05bbea909728d50829f5f1cff4838fcd3f1,1,
0x09e8516aeaccb2e79fb954144404eef908d72b24,1,
0x4e7d27f98bd324ac18b09f6a87352735225d5030,1,
0x7c5d6c718bda40099a005af1ed27f0e392a86db5,1,
0x655821ef3acbe946ab916a18a88d5c5b938f2826,1,
0xdb9d9e5107c9ac6e798dc6375d40fe1428879da2,1,
0x81db2dfd33b24419f0f715e331f678411eb1ec30,1,
0x92ee18538c392361f1923794aa62bd3a6550c8b1,1,
0xab38b86882015306b923048fff0cb690fb534dcc,1,
0x7683923ee66512154252ccd107132dff971b4828,1,
0x6a4fbdf0c47cba13442c029f3005c547576adaf4,1,
0x8fac3716acc1961b37328e074d0914e7e6035af6,1,
0x6ffc40e41897421f381abf343301fdd01cccec34,1,
0xcfae2b83c4337c65c7092331d3bd2a3c87cff53c,1,
0xaa1f4d20d2a26d3464e39ee22870c407ce9e969e,1,
0x8325aa9512bd5b0886d7449499c464db21947685,1,
0x542efe3411ea81c7f018eb3b88e93c95860bb699,1,
0xbbfe4aa855ab66a3414904f0d510b083485bcc84,1,
0x3942ae3782fbd658cc19a8db602d937baf7cb57a,1,
0x453e590f7efc294ce69217a764c46c692d57ec2b,1,
0x01dbbbdb2756ba4fcd8688ca23ce57f4cda627d2,1,
0xe5bf614d784d8311e1228681a8e9f5a57d473ccd,1,
0xf0940b2e70fad691b2fd7da5f8098bb7539ed155,1,
0x0f485d1768a42096372071501fbe779923fb54ca,1,
0xc1fa63bd4189a9c49a30010b6a3ab11194a95842,1,
0xf21c5548a9d31722b125ede5c3625deb1da02ab6,1,
0x7040fb81890a615aed18565d9c5f4d7d85174d44,1,
0x940a26bc954a263dd253ddb5dae651370644b9c8,1,
0x3812af96e02104bfebaaf2b1540a882093ac6cb4,1,
0xae9ca6167b5c5000186228ecd45dd3d03fef3535,1,
0x8d85114de0e28d55ccc33162b265a2dcdffa3cc8,1,
0xb25024c421d4f8bebe468d3dc353e07868c99901,1,
0x6f69f79cea418024b9e0acfd18bd8de26f9bbe39,1,
0xe116cf54e2c648179fff8f5b57bd7b99c5bb93eb,1,
0xaf6193fd81b4c8435e6e81c45ee7cdc511fe5f3a,1,
0x267c78eb2522d81c7b59469b15dda148d6d76f5c,1,
0xa3e1b60002a24f6cff3f74e2aa260b8c17bbdf7d,1,
0x16f036bf563975032d887dfb98e94a644ee06f04,1,
0x582aedc49856bcec2afc7fc84eed7b2e5ef63efa,1,
0xd0d28690215cfd04e047f0511b96f63a1c855957,1,
0x41437b85d8cdd8af00afa4bc2e4b39c6763100ae,1,
0x7cb158d3afe100d7bb4933cb5b4c5b16f5ef937b,1,
0x4f470bbb58f35f9427034b26ae3f4e7b5126302b,1,
0xf80666f7944ba98d46a3678b5091747748312afd,1,
0x4b611c30e09be9485482189ee4b6fe315d35336b,1,
0x854497db311a911cf93cab6d0295fea4e996fc4c,1,
0xd4d39ee3b0f06be0508fe7af7aef4de2457ff572,1,
0x6ac0a3cd8566160122269b1f585fd77be0f38f77,1,
0x6396a2ace5978c4fc9ba7ac3d2d3efb6b3055461,1,
0x0611bf5a24c05264a940da19e98235c3b873ebaa,1,
0x3b69be4932bb76255672c7b07f33b5b4aa35a3be,1,
0x001b0458a438238f8869465acd9e97fe4de17b1a,1,
0x682fd8c9f47a6796006befef2fdce45dd92b39bb,1,
0x22e778772784341c362e4d88c3004f5add334db8,1,
0x7d098fec4ecf9ac948b17a179c638f1dbbcef72d,1,
0x6f96999dd8aa80686f9a83907b9074ce11a80eae,1,
0xa465ce9bdb750ef8d5d9df09d767261448d31ff2,1,
0xeb437b62d773e06eaabc709a0c33675c2cd2c550,1,
0x4d698c8ddb2ad23a9b5ff30f35bec88ee97c6330,1,
0xb630ec691d5e2a16cb90873e1529d22ca2671b82,1,
0xc350438bdc8b4b74f349fb7dbe1f45de454cf4cb,1,
0xf086671ae9f2d504065b22643b2d818f4019d1e3,1,
0x6d0bbe84eba47434a0004fc65797b87ef1c913b7,1,
0x45b94e0952d59fdc8b501b9fea51c2d7e2c08dc3,1,
0x5f1876393290ad956f21744dd5208472c7ed2657,1,
0xc08f846cdbda1559716239bb53e9127c1378b543,1,
0xe3abcd85aa20279297ae52552758d6c4878c5d0c,1,
0xc45d45b54045074ed12d1fe127f714f8ace46f8c,1,
0x95d50631c0b4cf4b14a6753df6cc56dd31f6c814,1,
0x96508cde0bceaab2bd439a678e8239833ee240cd,1,
0x40e9aa2ca28a883feb5c763ceb9d8481e5047db1,1,
0x27b5a8699ab1c9d56d3baa5d0f464e6b773242a9,1,
0x6f3132060581c01eed77fb03ca3191d64280d173,1,
0xb92ef582d7dcb8ee3e92337974bef3381c28236c,1,
0x06a84a5364af1f043b77e10bce2568e94af76d5a,1,
0x3998f134d6aaa2b6a5f723806d00fd2bbbbce891,1,
0xb7b6983d463e5c7267e8ce82b2a301e3d2b538cc,1,
0x6ffbb6c376d0cf590289671d652ae92213614828,1,
0x68961df5b3abd986f6207f71bc32b52a23877e2f,1,
0xc00674553a6e3bf232e09852510f5fec90a519f9,1,
0x00b3230e7215e3dfb85f576326630ad24e89848e,1,
0xf22727dfe1e1465d5846246899f5d411ff3965fc,1,
0x85ec7e00f664d344651da8b6a818df0f18986d47,1,
0x90f15e09b8fb5bc080b968170c638920db3a3446,1,
0x6f9883681643daf8704ecbc7351c7f0d7282a685,1,
0xda2ba9f10c336e76cd31b8a9005f05c7d560066a,1,
0xd82587e092adaa3023356294d93353f7cea380f6,1,
0xb42d479f5c8f35c4703bd4de02f42d72a7de8678,1,
0x20d3731362f3fa892c0d5a0585385b2e0b304a1e,1,
0x8dc6002c22476a1aaa4c4f0a8374fef44c6617b7,1,
0xe07bbdb8c548d9b943c4b211360655a4439c944b,1,
0xb339b7bdcee5698250ce168b94f46bba8b356456,1,
0x74a4ee5715bc2c6bb088c16ec3b8bad6280527d7,1,
0xf2434c6419f866bfee724622361eb1f0b6179f56,1,
0xeaa7d95d2a193991f5312d84e54145ec111004f0,1,
0x33a99cdac3620033aa1debcfd2df19d7be4c0f95,1,
0xf0d6999725115e3ead3d927eb3329d63afaec09b,1,
0x3482bdc12191a3e272aab39469d78836e71d2cfe,1,
0x099500598f7b16cadc124775bdd36db354ede1b7,1,
0x77e1fc137a2415b2745136db5d351cd49456869e,1,
0x583f9e4a7505dd28a0639018561ad34a4921a243,1,
0xba703f90b3d792d0d76e980d346475318c2b7189,1,
0x160a54dae797640c48e88c77524f8eca28677874,1,
0xe382ae5f5d0d9e40712167cd4d10d881c910c32b,1,
0xf0e4267f07e44721dc2b49fd55ca406d6e3c9b85,1,
0xe8f6b59bfb5668824c348bf24384f2dab1c2c2af,1,
0x42aabd3a2f2b64a44b99e0ab025657ba73b871a2,1,
0xfba122c7c37ff64031b130007935dd2c8ece7b68,1,
0xde3e4d173f754704a763d39e1dcf0a90c37ec7f0,1,
0xd42db2d97a6f97217155be32c5488c06ce3d23e8,1,
0xf16688ea2488c0d41a13572a7399e03069d49a1a,1,
0x7a1f139723c7cc86c30aac5d0e0d56d231269473,1,
0x3e89350acb8abd75eb0f626c35023934c8b1e1cc,1,
0xc37bff894b134cffa69985ba45b743d4e2d81f7d,1,
0x9e46cc3bb7c6c1e691c812b986f465a8ddb12823,1,
0x691c415200dc6bb0200856e9ed7c146411077fc0,1,
0x87bd5a0baddb682bee234ebeb771b33636ed5667,1,
0x4cc08d4440ff49d4403159817868916e8a33202f,1,
0x894201c499decc7eba001f1ed9d1d6b45fe6bb28,1,
0x8ac7418aaef5819b9eeae96f46d7ec5cbda21eba,1,
0xa342c4598cd213fe22704e6ddb46d080bd4fe596,1,
0x86cc7ad354441bae1304f55c1f6df8ba98d44af2,1,
0x8f05e59d33e530135759021b7640d34e80822212,1,
0x7338afb07db145220849b04a45243956f20b14d9,1,
0x969b4b1d36d68a1aa2eaa938cd386342dcfdb113,1,
0xf2f9dd8dbc2a8ced5d456dccf0e8319adc57a617,1,
0xf0f75819d8522bf32263f3e2ea604ba6fce93894,1,
0xfdcbc99e866a6e7d698a79de7ad099d08b35b43b,1,
0xbc66b545cf1c8fb572c618deba86fa6a72d93d04,1,
0x5c64ea6930639199949a7a11802a46f0bedf161f,1,
0x01aae84c9b5384434a2e90c06cd49ed4f19c3899,1,
0x4694a2680e7e2d73e56e8b0646a289116187aa59,1,
0x513aedace44cc9a0724ca276a8ceeee950903576,1,
0xef80246e0ac95d65c823bc30a19b70c26d40047d,1,
0x43961f20194c1a27888386f8547b91ac23f9d8ae,1,
0x3de0a59fb41f9e98b3e92974c0e068ff3cf2cf27,1,
0x88eed6653cb255e03fcc3644befa52fd08c86a97,1,
0x7bfee91193d9df2ac0bfe90191d40f23c773c060,9,
0x562e4e25f4bb991c66cdb74c4af3957e0ffd3f89,8,
0x3e8250305f0a5bc968d2150a0b7254246c5bb169,5,
0x995d1899cbbc2bc92cca6f264334a15b1d75d928,3,
0xe11bf8c9d4fd0dec48f0c8e54c7083f3fed8ee5c,3,
0x60559b4cc92292b589ded75295f5331adcc69e04,3,
0x8dc6002c22476a1aaa4c4f0a8374fef44c6617b7,2,
0xe7003d4f740d6bbc2bb0f057d41df36085d8cba8,2,
0x84122b2d00c7d32583ddc91e70a2277299a87611,2,
0xa4c8d9e4ec5f2831701a81389465498b83f9457d,2,
0x5836150ef9d823e815bc692f4b8321f9627c6578,2,
0x0a3db8ec24e955ef327dc370cf502c08eed8e192,2,
0xe8f379c8014745a71e566eb9d0e5692a67081a45,2,
0xfa2a0d043649eb88cd9c1af611f3434d4d61a101,2,
0x42795a86c8652c163a9fcc90352ce1ed2c28c1ed,2,
0x4cd6b970f42b41ee58c2e4b7ab99863d5ae52a23,1,
0xa376466cd91feaab2b18b50ba00a5fdf4b70a8a3,1,
0xe0ba214ac32c876c316d320feff0b96409da0b49,1,
0x4c180462a051ab67d8237ede2c987590df2fbbe6,1,
0x8607a7d180de23645db594d90621d837749408d5,1,
0x68ffcb1b5f8e5d035c3b4bf49f8f139f49e45509,1,
0x2af7e80c1de9cd4acb5af748943c9f4eab549b78,1,
0x0f763341b448bb0f02370f4037fe4a2c84c9283f,1,
0x5b6369d25ee3d18966ad8d13015185a1b3926c95,1,
0x5286bc17220d51a36e55f5664d63a61bf9b127a6,1,
0x7e73ccc793e2448c4510249e71de9aee4442d7dd,1,
0x0f5f4b5b7ca352cf4f5f2fc1ac8a9889decc4fcb,1,
0xa8b4c7f8b3d91b324f815252da74884e68fb4c4c,1,
0x2c1c5c930b2e5e2d058db5c8ddf92683f319725a,1,
0x41b8501e48c634b253225c146bf61650d8a1ccfb,1,
0x11ff58544aea8bdcb28eb350644d331b6f5a71f4,1,
0x6447ed97ed1b4cd763d36f3a0cf71a51b0bcfed4,1,
0x49e96e255ba418d08e66c35b588e2f2f3766e1d0,1,
0x219723d005e383032ea9ae43e4a72bdead0fa38b,9,
0xe006e905de2c1762fe90d216ef604f3e628465b4,9,
0x7bf86f83826c18ce9752ae22365176eab17db488,9,
0x761211d7735947225b397d7ebcf7b5b24dae44f4,9,
0x067134eaf65e507aa066ba58443da431e2d81f27,9,
0x3c1e46e2d88e4cf6994a5b2e75242effe0c92243,8,
0x00b3230e7215e3dfb85f576326630ad24e89848e,8,
0x7ba178fe710dea2034b94f21206811b8493644d0,8,
0xdeefa727ca44b9c9fd9a8419dbf642fa0fbdd0a1,8,
0x6193181921a92c91e93233697058d8311e271a47,8,
0x77e3cf7d9051f7e76889ec11d9ab758f9dedc5c4,8,
0xbe72d4a70c047adc435be93b7e8ccde6fe431f58,8,
0x6f98b848ba232d26fb80f8b2bce3e96782f27946,7,
0xb69b1e83f7153790776f38f35f83831c9c1be01f,7,
0xd8640bb5bddc66be318cd46668502a37f829e495,7,
0x2d96daa63b1719da208a72264e15b32ff818e79f,7,
0xf80666f7944ba98d46a3678b5091747748312afd,7,
0xdac2c5d760ff866bc796ddb88dffec3d9a90b7e5,7,
0x94b7cbaa3713e39b8e383a950fdd4a2df9f7737c,6,
0x335750d1a6148329c3e2bcd18671cd594d383f9b,6,
0xaae8c50d76c76fb8947c9a203103d28b55862977,6,
0xe4d626dab0ec019a9a42ebe78d78717e8153de3a,6,
0x9c6da5a4b111e07b7bfa273287a976dca1ff0e15,6,
0x5f1876393290ad956f21744dd5208472c7ed2657,6,
0xf3e9848d5acce2f83b8078ee21f458e59ec4289a,6,
0x084caf1bf60e49aec07ec4148a3f1f0f57fd11eb,6,
0x416340c13d97470cb7b60cbe3f3c7dea126593e1,6,
0x29a031f1f19a04f341bc941fc84c093f22334a9c,6,
0xaab8b72aff49e680e6458d4b9806ab9d1730123a,6,
0x905f996c9e2452b42e93a877c53fa650940f8b1e,6,
0x0c5a2c72c009252f0e7312f5a1ab87de02be6fbe,6,
0x79c6c56ae4d990bf357d2ae45fe9a6bf191ffe71,6,
0x64c4816f1b09f44d69bded3f9f3acf486552b0bb,6,
0x487b23f5e935f3c0d3339928a1f5c561f7287484,5,
0xc350438bdc8b4b74f349fb7dbe1f45de454cf4cb,5,
0x4f8fb5970a8b6d3bee741a3a012112317b8d182a,5,
0x43767496ae21f1c8e7fbd70d2138e757da8b3480,5,
0x942e70f1a4f1b8ea4a47eb04c97dc5a399dfe606,5,
0xe86c9cb39b281f9315b0b98cf34aa388daae0c65,5,
0x6bad708dca00fd435ded47a112328dc68a88ba7b,5,
0xa1c1d471219cfd08a09edef8049d7c806411185f,5,
0xbea1771efed9d4a80d6ce19aedb70e56dd739b49,5,
0x518073eebc307261ad16717a4985efe063824eca,5,
0x1a62c9d1746de9fd9d449e80ddbb8a67d2a72a94,5,
0x434325659ec3d59c9883876b4db666bc381fe8f4,5,
0x20d3731362f3fa892c0d5a0585385b2e0b304a1e,4,
0x3b69be4932bb76255672c7b07f33b5b4aa35a3be,4,
0x80d0136a4352966eaf4bf0bfd9d09615fec52641,4,
0x9c606f6ffcb2265a824522f096dc0ab3e81d5f39,4,
0x66c1cb7d63d6dc5e049ce7667d8973dc35dfb427,4,
0xe640b03ac3fa996de20fbe791c08248087d8583e,4,
0x717e61157ce63c7cd901dcb2f169f019d16c5ac9,4,
0x4304db029dcf336289dd66886f1e6e8c20fe94d7,4,
0x71cc25e270560ab31d5d2e15e5bf896ebfc4a640,4,
0xc5d6a27ed125ae5ac402a2e988c44334fbe524dc,4,
0x160a54dae797640c48e88c77524f8eca28677874,4,
0x0edcaeb7270005f31e51790ba2c5c574ff24dec6,4,
0xfb4931fcfef8920d9d50cd75c776650ee76d41c0,4,
0xd3af49e017ec09c4b83ba42aa2dea7ebd637e7aa,4,
0x5fb92b742bf451cf55dbc51781a621be9fd225b4,4,
0xc691b5730a95791c9394bf8ba61a40c66b23339e,4,
0x0b99363648efea66689d58a553bb015957083c57,4,
0x172b64e148ea2712eb4d3a649e7ec6371ae9ae5c,4,
0x421e4e67a9d1860067841f6c9232e9c2c4a621bf,4,
0xc47fae56f3702737b69ed615950c01217ec5c7c8,4,
0x7066c68f07072e1dbfd2bacf609be764741fc915,4,
0xaf184b4cbc73a9ca2f51c4a4d80ed67a2578e9f4,4,
0xacc993013812e5524102474ba78f3a278c6d2efc,4,
0x18dd3b7f7ebd80d389e6f661010697d3d55b9cd5,4,
0x0e8d7f91fa72ba92c48daeace79f9aeef7ceec1e,4,
0xb66208276563c538cdeb5cf37c815a14c915ac1f,4,
0x7dd3a770ee63be630f117b783b254a046e389310,3,
0x730a4924d660932b66b2f0c2cf4e620bc49089ef,3,
0x87c27b0859834f837c862fa40cc5ce8b8e65604d,3,
0xdbbf6ab5829ded793063b23e80abf5530bd27853,3,
0x3be670da0170396aaee99fb8fe8d31b8831fb30c,3,
0xec7836bdcc7481d3450e3f22fd9a3ae928d753bf,3,
0x0fd8d1018002c49c9814435046bbfb2c27e0eb17,3,
0x6ed88188da646b6fe64022895de4045c35eba48e,3,
0x23e93121beaf08d0afbc39f351095605da8cf732,3,
0xa28e6873fd7e1047ec3d5aa4bf5e344a38b42c85,3,
0xaa1f4d20d2a26d3464e39ee22870c407ce9e969e,3,
0xe4032633726549c64988ceb9a9f5333a4666a960,3,
0xa396b69c70f6975397c33c824ffce9d52665d139,3,
0x40495a781095932e2fc8dcca69f5e358711fdd41,3,
0x5778dce055cf595185264c03497a1fff07d9dae0,3,
0x2e5b96c7b84f5efc5c22c99c1dc6b20f3ca62c6e,3,
0xc03e498be8a5321ee5f5b3f8519002d092114f48,3,
0x529ad6f0daaa00d9f47276bba4fe8d4f72f1caf6,3,
0x3113558ea6918c3ae1d9247d1d7a3f9eff5888d8,3,
0xfa3abbfcde33ae995e4d5e103e29c797d29f594f,3,
0xb6b750065056f3db554f295f02300c38f8963aeb,3,
0xbd2024866b2b1ede8a4cfdb1bfd2cc51e027ff26,3,
0x45eb4536b9ed37a6d54933ca1cd26e7b75a1feb5,3,
0x2b490daf74a46e7a2d3b0baaeb46b163fd575156,3,
0x45b94e0952d59fdc8b501b9fea51c2d7e2c08dc3,3,
0x08776603add5f4e0ea6fb1d4b25d65c500ea1667,3,
0xf3aaf0e9015f518b395ff450fab70191581b5d41,3,
0x56b496731e46cb5e4bfab47dcd58717e70441b8d,3,
0x1c4e90fc8bdade442aed58f8011db5a17a2e7199,3,
0xc08f846cdbda1559716239bb53e9127c1378b543,3,
0xa465ce9bdb750ef8d5d9df09d767261448d31ff2,3,
0xc37bff894b134cffa69985ba45b743d4e2d81f7d,3,
0xc77e8d528ef139fe324dc43cd2240b10de3af9d5,3,
0x53d4298e9fd219759b8fbbc9ed04b99a8eca4889,3,
0xe3c5f195efb34d723543d8bd5bf85a910a22852e,3,
0x0827e5665b1db2bed70ceae6f9e94d2996fb06c8,3,
0x684fa178986f34293b8e3f98635789ecf47234a7,3,
0x491c7d47c8bc4535acff5b38e386bcd89ab6ce28,3,
0x537037c5ae805b9d4cecab5ee07f12a8e59a15b2,3,
0xd522cd8cc56badbd1e9a84a9f726dc87667ad73a,2,
0x6c5018d8de392145c81cc214e7bdc6d8bc2fc9ea,2,
0x3250e201c2eb06d086138f181e0fb6d1fe33f7d1,2,
0x4cc08d4440ff49d4403159817868916e8a33202f,2,
0x0406383c5d0e328310800c3da5c3483a40ed33ae,2,
0x640bf77eb2c792b57e4e1e9ab9e7a7c4b32e1f12,2,
0x563cc56ee908816a990467034615c9d47a0cf4c5,2,
0xde0ca331d9ba0a7cd5663db5b1ef04259dec52a7,2,
0xb1bd944671f52699af38e758791f520a60020b11,2,
0x7c57b329266f1d1c4698fa9db91d8b73b2699326,2,
0xfb9ddb4ff057fcd4ae6fa7613e78bdeb5625f810,2,
0x15b9a565dfc88965789cfb2ec0df685a25377c88,2,
0x7221dcacdab745ebc827578dee7c46ebc41ae7eb,2,
0x41437b85d8cdd8af00afa4bc2e4b39c6763100ae,2,
0x440c8ab91ba7c8763b3d9b3357dc1c0d13a148aa,2,
0x09bb5ee4c5f5d1d5d958271361a075548e293809,2,
0x6ffbb6c376d0cf590289671d652ae92213614828,2,
0x46b39ab3eea3812a691caf3e485cfd3b97e71f36,2,
0x31895945ad6182950f72c287d8cb0b5f8457a3c1,2,
0xa716c2ef62b60cf82b8119947030ea7e26a39908,2,
0x5e95b00eb048ba226e37f5fcbab2ebd8b530c83b,2,
0x9914d211d618ead502dae8a022ad158b7e1031e8,2,
0x87b6f84a796300b9157b618ec05b1ec45e60772b,2,
0x58ccb4de971e6bb67c0ba145d2e466cf83c71220,2,
0x16f0ba982f8560d2522ede8abbc363985e23833f,2,
0xd6bf9d9079139dbb3a4fdb84b07efc75ea77838f,2,
0xafe40f2811bac84b9cb1d9858769ed76eb374849,2,
0xda2ba9f10c336e76cd31b8a9005f05c7d560066a,2,
0x38daea6f17e4308b0da9647db9ca6d84a3a7e195,2,
0x4b63c891aad2693f25cfc450be62170637c42ea9,2,
0x4162b936c31beb387666365037b6d050e7a2803f,2,
0x0b1a89664970ebeb16d6a1a039017049eea45a20,2,
0x655821ef3acbe946ab916a18a88d5c5b938f2826,2,
0x59529248afe68f180e66236ab0a63d1a3379013a,2,
0xf8ab77507e7b3044d4cc53952d94660924e272c1,2,
0xad091229354420fce427cf84de20884db20082d4,2,
0xab26956f0e94019959e5d546682009b2f931fc4d,2,
0x557d7add61e4796f66c6fd32cd84ee32a438e19b,2,
0x8be4257f4ed2cda83b1296838367588db7eba6e5,2,
0x4d0abff7aea667cc7a44a9fabdbb803eb547a8be,2,
0x46eea8d5b37d2db51f35c1bc8c50cbf80fb0ffe5,2,
0xea207072b55baefb0b7bc047acbe9c9e61ceaea7,2,
0x7ffaabb23308e4cf201bee34dbf4ad70e7ebfda5,2,
0x5075e736cf20b97d5b2af69a8deb9015103f5b5d,2,
0xca90d43a2f3b9e9b356dd0877aced3df05296d60,2,
0x01aae84c9b5384434a2e90c06cd49ed4f19c3899,2,
0x6b72ec541be9af0bebf8823bcdf8c94fad420343,2,
0x6101b7b999338b3a612c0ca1427f39ff85f960fc,2,
0x83d364e74e81100cf7343e63e415ea441f961394,2,
0x163b2766d3f71738702623f3b6ea7455192f2e7d,2,
0x7fb653f2f5a3ffa425f8e9a9efdff6778217ae26,2,
0xa0e33e4e666059e2194ee65c5a42140d4e3bb2e8,2,
0x4fc072c42667a7cc3abe957f4ea1a3001f2241a7,2,
0x630060f958b3326a8b01d5504840b6c6eb1c3b3b,2,
0x90ba40edc33611db0445b420ba485fcd0825f0ab,2,
0x2a059254f6e7040682cd325aa440492d0438a852,2,
0x86cc7ad354441bae1304f55c1f6df8ba98d44af2,2,
0xfa75151a9cb15b861706a3396ed76453853019e5,2,
0x6f9883681643daf8704ecbc7351c7f0d7282a685,2,
0x275a0ba45c7f133211809e1cdd674fa07011eeed,2,
0x7900cf45e30ae0e73de4dbe86143c7d2063830f5,2,
0x0f33f35c19768d8ea50080ea8cbed943599f7612,2,
0x492dc7b65a42108632ee1088d154b900972b7e37,2,
0x70906c05d42a2716f936f5846d7b92b8d372cc74,2,
0x99a178c17a23be2dffee5646db91d8ef0d9ae3a5,2,
0x4d5ea105deccff5bcd373c31d742a455351a663b,2,
0x1d14ba6a48eecfb626907ca9ddd47dec9e30e55f,2,
0x30428a743e2a2f8d1c3fea017e0d76440435fa8d,2,
0x7ea1a45f0657d2dbd77839a916ab83112bdb5590,2,
0xad87fcd3ffa17ed075e153a082d420ebd4ee5ee7,2,
0xf53aad3ba6870897a96f6d302cd594230922023c,2,
0x327a001fc673fa8a384c2ec024cdb395671927ea,2,
0xa37fad0c2302ed045d40ba6133514c664fc63979,2,
0x8093beb541d3a70d87cb983986912c8c57e44a60,2,
0xd21a12b3fb7e8c622de672e2647627393cd530d4,2,
0x2fcb3fef0bf57fd3f1428d00d91e50aeff0ca48c,2,
0x9e951e7e97e59e8d8779aaab1ba6f2a20ddf679f,2,
0x38d2dfc2f67ce4a9daefe6c2f2e3882042f5e439,2,
0x325e508f633f30b34444216481ee19cc8faccb13,2,
0xd95677f6b9cc860b6fd54dc6554236a78e6ec8da,2,
0x05bda4cc6ee3a21f5696c5db17fc3b5729fadf5f,2,
0x7e27e03e130a5a75b4f7a24d6a15aab08b8f4582,2,
0x0f485d1768a42096372071501fbe779923fb54ca,2,
0x68fcd0c2b6a0af11a97c4547c7cb0947c2f63d9a,2,
0x322632979ef7596acf9e5867a561b31c381a6dc4,2,
0x2f5fc65b9c6d1fee8ba4ca23fb2d7c363c95133c,2,
0x57289ae13ec410edc3d6075ca07741b30cd1c99e,2,
0x822ee635aea13af0fd00510d0cea3f535e77e0f9,2,
0xede11033951c5e7393816aac3640a3eea0403a55,2,
0x3b7ee2cde35e867ebc9bf248c2e5e723bd2653d0,2,
0xaf9a1e6a9b79fc77eafa40396e8a15d4d92867ca,2,
0x573123ff11deb1dfef022717691e7d327e2f9e73,2,
0xfb98a05d854f2b1fc8c3d1f561fc3cec4c60feda,2,
0xce17518615d60fac753ab477d8a4a7e096e7ec55,2,
0x73ee29f25b470ca9442f9b8b9aac1f65c985b34e,2,
0x9e0bf7fd04960e337298175b0ab1b1d5efc69b78,2,
0xf13ac6a72cc24ecf68450c1e7f5d352710e3b0e2,2,
0xee4b69b2c5e445bd892229f23c217cb7e269d3c7,1,
0xde770b0139ade0469db628062271102ee0ef4b50,1,
0x1e109d267da61261cb160cb6387fccc0463d6176,1,
0x3da7982c07fb7a961d094af82896b3b64e32d9fe,1,
0xa2b16c27c0766a1df18892f7b0413b4f5806ee4d,1,
0x008d63fab8179ee0ae2082bb57c72ed0c61f990f,1,
0x64cd71a9e803b268e67952c2f1de24647d3a48fd,1,
0xdb9ba606ce42799932fbeb3321a606d1d48534ce,1,
0x0b0a78f20ed0abc30bdc9ed165be43d6eafa73de,1,
0xa9f05d92ba412b903559d16e343f1fa7faec0229,1,
0x042e4dbd449d4f77d0774c57ee13b678400d6eaa,1,
0x871f96a63833519f0e0d2647e4f317c1fcc178a7,1,
0xa5b06d59bf0d9020dbf70d9c8d6788a791bca570,1,
0x98de929031b88230a1376e2beb018b1f51b81d99,1,
0xbf5dc202a068a4a77ca6d7355bc803885d2bb1da,1,
0xd93fa9f1dbf45068b861c95184d1e0fb3f070559,1,
0x8f690c0a2b76bb39f7242dca6b8a17fb670f2dcf,1,
0xaa16985efd4ff410573d731752771aef1f2539ba,1,
0x2dbac95ae162744b58aa58514e6bedc0a3acdcbf,1,
0x9e7943ceac1f02b00e5f9d6e182f257efaa4653e,1,
0x2dde94714f5a3b8d321bb633f36bd4072ccbb62d,1,
0xd666a8547dff535a2b4e27f2f7f6760374df2dd6,1,
0xab37b0b63e6b94f8906bcba89c522e62e4c2e0d7,1,
0x4fc17cd232b4c1091dd1b5f173fc59365454fa04,1,
0xaaac34d30d6938787c653aafb922bc20bfa9c512,1,
0x6221b8772e58e7b114d7b8e4ee400bfa8bf57986,1,
0x62cfb1876755f124813efdd6f4f43b12236179c3,1,
0x7a854fda01b4a0c87f20bd8f2305974d366a1571,1,
0xfb147907a182a8f613af8afde0cf83b8101fb8b7,1,
0x66cbe0e998a16a24cf52caa7927eb31589376bd0,1,
0xd4d576c4f918e7f653f59ebb7c0b8b249aff2d71,1,
0xf8e385fcb6fa88981518c33e555412249dffa2cb,1,
0x78a550e504f059407e3dc43f7b798318b12ded76,1,
0x9628f11c8fbf15df1307ad5284398ad7dcdf573c,1,
0x1f3236f64cb6878f164e3a281c2a9393e19a6d00,1,
0x6031991f57419e56ac95b53b05b5eb4d61c6f1ea,1,
0xb3c53d0bf4963d33a19957c7bf9890d13fc37752,1,
0x99b000989f9615812f16962664bed7aa80454d21,1,
0xeedca2ef41b11fb1605779f31ea91b1151b8b60d,1,
0x9adc2aba9d80d81eec1526b4bb00da6039167f97,1,
0x20e81baac7a880ead980f60e9538893657dc96de,1,
0xbc46029dd4815bcc768267bed38d070d6c3c2ca2,1,
0xecbc42958f9c9a541b69b600dcdecab33608949c,1,
0xa7eb8f9375bf07336d2858528c57c5a3fec8aedc,1,
0x625b932f6d8b9044d2e1b62e6360db0b41553bda,1,
0xbd1d82091646b77e3a109cb009ab6aca44953440,1,
0x64d6ef2a5ee054af3169a89ce887d4be55c543bd,1,
0x015221646086b25a6ca7d07b553f931f0cbb31f4,1,
0x9d276933cc0e49e7c6b05bda36fafd579c492700,1,
0x30b421ff05cb60fb7080115d04d008fe563ccdc3,1,
0x30a26c2837e9ad41ea5955949f00402dbf86f124,1,
0x1ccfb3561a32274c7f778b218dac35493503b336,1,
0xbebf3935d6d33651ab465801325899cf8c13fb0e,1,
0x58877f790a7043aa5e3eb88878872dc7d4061105,1,
0xba2555495736604329f1efbac1b6a586da4a6cf0,1,
0x04f4941dddc58a402c9df17e3ec0c09d1c6fe2b6,1,
0x12e6314c1eb68e413b20c0e67dab98807fdc4df6,1,
0xe6ac212e4202686e1974aef75e1f53f1a5314aa6,1,
0xdc19bb402af6ba331d1159c82a32e5d20273136b,1,
0xcb33844b365c53d3462271cee9b719b6fc8ba06a,1,
0xbea645da9c7f6de1f7e287759ccbfd5ab9f57c08,1,
0x66342cdb636aba7b1ccc2f95efabbc7ba3b1947d,1,
0xd1923e195695c4cf5e2d5c7eaeb417815e3ebe23,1,
0xf0cdb2de342184d43bf7a457a3391eb34f9e56a7,1,
0xa2f844f054958e26c43760ac7833f064d37ce21e,1,
0xf283afbbad3d73cbd61f4c220206aaa05a70749d,1,
0x34ee467d4d8666a4efd6c1ccd333d841433f7ac7,1,
0x642452bd55591cd954b2987c70e7f2ccc71de313,1,
0xf5769bbceaa6ebb5ed14b9bfaa84b49b507d9451,1,
0x713b461e2574aa891df59a30f3c6a35786d66cc6,1,
0x9c6e5bceb7729742c69323f24db372836a022258,1,
0x9026a7a81158d71e98ed2fafa4bc13940e29a833,1,
0x22963f931baa98d5ce2a43ab7681a638a693f560,1,
0x4a401ee7fef089cd20d183fe2510d7bd38294728,1,
0x39f2f6633a9b8ca0b24874b55783f47395ba2f92,1,
0x45727f79a030a0cdd5c588f7670215e6f9378530,1,
0x02be92545d73e309b324fb67db5427c60465d923,1,
0x92bf13bbd454678c85408c8352d9f4686679a11a,1,
0xebba97b291800e7ee801e67bb0405f58fccd963d,1,
0x0fa077a4252a180cf6e485a573ca4f0d33dbb5e5,1,
0x7c5feff51c3623183a920de28c1f84e5289eb8c9,1,
0x1ab4e2400cc4bc7092474b026d20e5808498cbf2,1,
0xb2ee477ced8d69afdb5707b31170c782f5f26f5b,1,
0xd497ed50be7a80788898956f9a2677eda71d027e,1,
0x993a141154addd0b7a93cfe0c4d90b282ef3788f,1,
0x90322efb6d3ac81f5083cf89422a2909c3eb31ae,1,
0x6d2b1590e0a87e6255469950fcfa2e10f636e663,1,
0xb96efe2fe645b6d153014225d14d5b3e78b5bce8,1,
0x3156edcc20e8853159a0283df8bbc6e67b41a06f,1,
0x58a049263e0754cb51a63248c34ffe07e8434899,1,
0x1e8bc13fb0478c5843d66ee3caa71ff8dfaa3c14,1,
0x0ecd341cbcb8ae2b6f61d497242e4ad51b64183b,1,
0x2d56850d1aa3a18a54cf5bd8a2ac4ca4692295bf,1,
0xcca725b3374079f699e99a8582032b7fdb90f9ba,1,
0xa3044594a51017b85eb28766549d9b5457924da5,1,
0x011bc8f6a250b1405a96658ce5c110e8991cc700,1,
0xfed0d3bece3a2db3bee70ff5d41126d1a36c2e9f,1,
0x8b76765e574a9758b48638e2c6e44666daebbc8d,1,
0xea540ade2f1b347ffe74874b2f1bae14ed71b7de,1,
0x3d9b0a7ef1cceada457001a6d51f28ff61e39904,1,
0x01fb308a8f5a5e0c82d74936e76481bbd0dc7081,1,
0x51a9ef6b26a6632b434fa5b2f4f706be822cc39f,1,
0x439e9446a4cd19201f5ab3fe078a65adf2e2b1aa,1,
0x04830093c8c84fa017693699d33356996c4433a2,1,
0x4501edeb0c73a75d78491599bb26500ddba2745c,1,
0x0c55b13cec1df9a2acac90d16e80105fc3207344,1,
0xad85c530e7597713a9f9f4a11a895d70a74dba25,1,
0xa946c445bf7f1675309fcd3a968da4da4e3a107a,1,
0xe08753f2caf86cfa29ce24b1ca765f6f3a25a68d,1,
0x44f095030db4a904d025f1592ab917a3ed7015e7,1,
0xefd91c9843966d49dd4299c9d48383f75d47d4ae,1,
0x651afe5d50d1cd8f7d891dd6bc2a3db4a14e5287,1,
0xdc9096ec2e81fd5a94b52c69d5fa926c0dd6833c,1,
0x6d76cbd9762fc415f9d679bc557d6ffb9f46583b,1,
0xa0eb44b173af64f2fdb47c7d76ff3a33e04103b6,1,
0x9f872161aef6d2774737c38de363e35e654c7fab,1,
0x2d7f0e3e3b9a7fd3b326adb4aea81f106739841e,1,
0xcb3386c1b9242035dfcae644a33d94f58be097d7,1,
0xaf0d6e30563e4017376768f11ba20ea547c779a4,1,
0x7453019b806919563eac33870fe5f8e5154fdf38,1,
0x7b4df4ea24c3356a57f0caba6ba28fbcd1432ab3,1,
0xc0421789f0803e99736620d2fe9e4de42b9de057,1,
0xa737595d2a22d9c88ca8ec120d96488cf58d7023,1,
0x5a3e4881fe23c661e8ce5169cbf4261192da1368,1,
0xd10290ab1cdd5b4d199dbf4630808ef0bf7d32b1,1,
0x08de5e275668dbf7c2f121265257eee8c12b0c6a,1,
0x857f58b6afde4bcbe9b86409242c146f0d0de31c,1,
0xef52fb0f9c45f3173ba3aebf2f4c65218e404f50,1,
0x7cada89be9fb884cc34ad7a0e5bfb2a00cc49a66,1,
0x7c5d6c718bda40099a005af1ed27f0e392a86db5,1,
0xed2a18a533c452293934f5c7a55ebaa5c2b6e6d8,1,
0x926bf90196781cf2161535d48af542889cac4d2e,1,
0x0fe989d2e3c019b2f3c27b3c5696f990974a0b4f,1,
0xc2a82685c055d996ee1084b28f5a516d694e1127,1,
0x68bdeff9aca67da30ad7e78feacb3685a5c0863f,1,
0xd9db98522bc772415c3b6e110c36dd02ba258bab,1,
0x998b284af974df8a7a9aa395dea78e61a36646aa,1,
0x6ffc40e41897421f381abf343301fdd01cccec34,1,
0x91592c3c05560df3b6aa7fbb1d929119c59b0607,1,
0x3c6dfb5d608c4849d289d81d8bfccbd48d86d0a8,1,
0x98e82fcbe2ba4fbb9a089654b7f7ea6470a9d876,1,
0x5efa7f29597987e5533f16cb8e2b76322944ae63,1,
0xb32fc7b40a89e0547bd16664a57fcfceecbeeeec,1,
0xf6e739de9916e884d3c0b917de551f60e4d8fd89,1,
0x16ce1b15ed1278921d7cae34bf60a81227cfc295,1,
0x7ca2737d6bdb037816c29633b727881f64a0b3ac,1,
0xf08979c344bc81ae1d0c3b5d15370266bdeea315,1,
0x8a4a50b13fd2cb36feb96c408cb98b4c9f2b8f25,1,
0x3942ae3782fbd658cc19a8db602d937baf7cb57a,1,
0xbce49959edb00ebc509e6a9e11dce059582e7756,1,
0x0fb213a1af101b1429e6ad3020ad92fb0d25eb1e,1,
0xe5bf614d784d8311e1228681a8e9f5a57d473ccd,1,
0x84398296aefbf096a8c16bb29ca770bc173c1a6e,1,
0x87acca6a2dd79aa6549618da3fec51a25b0b286a,1,
0x4e133420c57a86fc5eecda444c72f9313a1ff787,1,
0xf5d0318692f822680b733955828a25507f031c95,1,
0x71d612d707ef612a693e5d941d09067c1166dec6,1,
0x34fc4134dc4956955164d8f7ec08d0f78955ac00,1,
0x6387c8daa1058ed41b073c08d016e1463036e311,1,
0x416bf0c000935bfeb47348ed0e697098c9376730,1,
0x55247b3505cdecaa01f516fdf27741f2820ee387,1,
0x880e14298dd46418806f7b5e12b92aa9873bb5d4,1,
0xc1fa63bd4189a9c49a30010b6a3ab11194a95842,1,
0x244c7562bbb76566dc81fd16b62c2bbc295f3737,1,
0xca66c4b690957bd9f77d0ba7fb3f90a0f4a1da0e,1,
0x4f49c34759b7e888ce77de9dd34fec63d63495cc,1,
0x13bf4152e8b499b15f272fd61eb4dabe88072d9f,1,
0x0ecddcf41754360ab129d7ca4c8abf220f9c32bd,1,
0xaabdf7aa6830da9e6d3ed00aeb82ae401233ea49,1,
0xdbf12acb93d8fd935d37314f325be5a49be8e49e,1,
0xdf3214b148b715d53f2579bbd2bc75ff2074a4bc,1,
0x07232c14cbe4eb27988525a2dfaeaa3a00d0f700,1,
0xbcaf56f8e798fd5c279ce508b323dc998ffcc215,1,
0xb3402c396e305d85487f855ab4131906dd01e9c5,1,
0x79ad42161a55840d1327c39d7b47d12d6cc4c68a,1,
0xd80adf681abe30a3d644db1daae9abaa2d25a895,1,
0xbded327a145b4703300e10204e6d180e1a15c844,1,
0xd04f97191224cf0396b09acb80adb06b5823ecad,1,
0xe05eefc643aa82aca64b72d380ce74a3dbc1ec13,1,
0x74e20a54c58bcefb02e496c826d9c65b576ceb10,1,
0xcf2016d50ec95872f7bf35a1819c5735228d0a5d,1,
0x82d1883ca96e57773429e785f195e32783b1c246,1,
0x006f81c9126d4e6fdcd39a4e24e9210a9bb3ecf1,1,
0xbf43d944cc9bfebe2a93965ede1aeab005db96d3,1,
0xd32f25dfa932b8064a81b8254e7997caebc85f97,1,
0xd7ca10036c597f01a58369b352da57710943dc46,1,
0xf904398b649a0c0d5aec82a12b8ef9bf3216e1b7,1,
0x88e51522e5740f283c8252de5e49408bf23f3e5f,1,
0x81e3c9ded64caf37ee5ffd643637e1a97cd64f5f,1,
0x5a69209542697fd0f5fc00e198fb092797bbdba4,1,
0xad36a2e01c713efb1efaccfaa10bf74ecdddd1bf,1,
0x11e7296c3c4a3fbce8bfa56443f38447633220a1,1,
0x01413153821946871f742490937946e5992ed40b,1,
0x18864f8593800528a6157b5aff13732f99ed00e3,1,
0xdd13b664952202962878436733b9507c6a24d9e5,1,
0x5f2cbc511ef0a92a473943672a7a97028ababc29,1,
0x5ffcf42e97c07b2b418b42365752cd949ee2e2b7,1,
0xd4d39ee3b0f06be0508fe7af7aef4de2457ff572,1,
0x519abc3d3fd22dd8acf94c441023569f7292fac7,1,
0xcd62a122529b87885acf3d00de9722850188420e,1,
0x0611bf5a24c05264a940da19e98235c3b873ebaa,1,
0x0d7e43a488c6795320b1d97de8ff1f326f1f5f7c,1,
0x001b0458a438238f8869465acd9e97fe4de17b1a,1,
0x76ceb0f9dae2cd5ecaf07d977aefaa82d3d2d082,1,
0xd54d23200e2bf7cb7a7d6792a55da1377a697799,1,
0x2422f2caf7fa802b7edd3dbe916dafda87838503,1,
0x28521a5b7e439d3b0b8e13c5ca66de26cf6e756c,1,
0xb630ec691d5e2a16cb90873e1529d22ca2671b82,1,
0x18821c4afdb4acfe6df9daa69754718c9f2ce7ac,1,
0x841ad0abab2d33520ca236a2f5d8b038addc12ba,1,
0x992340ae570cd2005dbe93ea4acd5bf5a7dfcbb3,1,
0xdf974829f6d977370b21e065ae445390cb9d010c,1,
0x24ab6ce22a719e7930ddb81ae30460b850187ece,1,
0xac0d880cfc60204f21b9189147d6929ee268d92d,1,
0xa43bf99cf3367cb68eb5215d414e57fb2b020c87,1,
0x059a15a352d40a43225c7398fb32f6433a9f7f4f,1,
0x432343ec75282577e656c9dcc897db2ef4ddd4cb,1,
0x0f4c9b2ac319d40f7a137fdc76cf63e95d082b97,1,
0xc45d45b54045074ed12d1fe127f714f8ace46f8c,1,
0x96508cde0bceaab2bd439a678e8239833ee240cd,1,
0x40e9aa2ca28a883feb5c763ceb9d8481e5047db1,1,
0x27b5a8699ab1c9d56d3baa5d0f464e6b773242a9,1,
0xe2ba6da0a8af2418c65cb34b1e98e117b0783aaa,1,
0x37ac09e1640577e1d71e3787297a56b58f88f0f2,1,
0xeb2b89f1dea00d1120b39189f2a1e3744b647bb4,1,
0x6dd7effc67e95605dc548c775096ffce956fb853,1,
0x565ecaba37af101ba170ea8c013dda06c30fae9c,1,
0x6762c9890374d9192431695e3df4062873b3b11a,1,
0x1b8d426427b9c145cf9b571f244fe24f0b053be0,1,
0xb062bd50e75bfe70a5c8f4e700015a3c0fe59e4f,1,
0x5ba5a9d0e3a645780a6cb74584d7b54e72dbaa85,1,
0x772e5fb7205aa3406eba9f5283be3543666ca824,1,
0x02e51d6ce16201a28eaa7de9c8c4bfed25b4b081,1,
0x0bf51eef4dc45172ccb2c425533d9f152c8e2522,1,
0x8cae3127b9b79989c19efc8d902681a3f8f2ed28,1,
0x4f6ae54cdee3ab5dfe5268f4ab4bb6697c24c4e8,1,
0x1c2daf532804c0cd1ec272fe41446790064a86ce,1,
0xbf2ad8a41e083d7fa7894d199c93734b5c55790f,1,
0xba6868483326275cce163dceb40bc20fe59f11d0,1,
0xb42d479f5c8f35c4703bd4de02f42d72a7de8678,1,
0x5cb87f634d4e23f290eed23cae5ef5fe9663fd5e,1,
0x6c1b095c7b6187aea0378d1df9b88766d62fd6aa,1,
0xd9d836ebc67abeec65b29e586f89816dab991f69,1,
0xfd127bfe364268ef888c77ac65e587de176543a9,1,
0xa5d8e70cf0912ecaa3b42526f910cb208f8c52f0,1,
0xf16e9a5d117e0f6de416779942d943365321cfca,1,
0xfefea24bcfe8b9188831e888e97de12931892529,1,
0xe934116a4073e476c848d0db704606010146b4c2,1,
0xcff7b75eb81a656d09e68f81b3b081e5cea3433d,1,
0x9f18eb870b647976964cddc916e448912f7f0016,1,
0xd5f24d0b4ae774303b5440ad22f64c2ddb8a5750,1,
0xdf766a7014f1f5ff6f5f2e2c77e606528e04a8a6,1,
0xeaa7d95d2a193991f5312d84e54145ec111004f0,1,
0x25cd302e37a69d70a6ef645daea5a7de38c66e2a,1,
0xeecc0e50b64cb4a67d98cb5fd1bd7e87b6c1bd47,1,
0xfde3b2c642af7b35555323f207bf2f968c8ee390,1,
0x551ed619b3c8fc5aa2226c24cf75340ad54c2718,1,
0x97333c41aeff21715b0ea0679338545091895e7c,1,
0xaefd6a3f1f026da33b4acf26c96f8471c079aed9,1,
0xe57e8e4c3fd4ddbf3ab09ce1478cb01c5f11ab66,1,
0x03f25e1af06e539a0c0b8390eb56b3f4d3d65577,1,
0xea2a32d9cbdcaccb84b9226adf0c129820ccda68,1,
0x8f8b4759dc93ca55bd6997df719f20f581f10f5c,1,
0xfba1f5424f16f52378f856b52d11bf13952eb5e1,1,
0xc5d098277227feb10404ea1afac49cbbd911f3c0,1,
0x1957d2ee1a2136aa4d9e023542ae92007ef1cf7a,1,
0x584890aa7058c96bdaf6d1e890bf82cde0b81fa9,1,
0x8f38345c871db46aecc6b07b776adeab21285730,1,
0xaff5d67a7f8124e92ef10a8704c1683b3a9b8e65,1,
0x24aa0946b36fe3a32e574cce6b2400c99e389ff3,1,
0x94884fb7f1b1b6fec81805556949dd8a9d74acdb,1,
0xb48470b3122ac663cb428156fb9f3f27347ca93e,1,
0x87ddf59fdf989aaab00ef23939eb8aca7f6339b9,1,
0x30445a1362177189d0dc77aefc3240e4a8876207,1,
0x9e46cc3bb7c6c1e691c812b986f465a8ddb12823,1,
0x375591470526e6e337c3d392576d8eddf6052a08,1,
0x78b005fde0f5204ad0df5a1cd58cb054d92b4145,1,
0x1b78dda5b1782a025955cd143edefaf68776009c,1,
0x84bb43e080098639e3228939cd73480b4717b39b,1,
0xce73e27b02a05acbe49d42d099a72f58c06df057,1,
0x894201c499decc7eba001f1ed9d1d6b45fe6bb28,1,
0xfca014e839412d465b05a8ff13910defdf1c4308,1,
0xbb770160549b62cf19aa05d67130a7a3554dde3f,1,
0x6adcf08deaaf5913079707f923279ef4c6d5225e,1,
0x4d3234660121c58b28aeb2059fca350cca49c5fc,1,
0x08c16a9c76df28ee6bf9764b761e7c4ce411e890,1,
0x99ef14d4ad45ec3d3abe92abb99f6f04396d3476,1,
0x49f63b254ea9043e57678c13e06aef257fab45c1,1,
0x934217155273f37170737684f325c796c58f1de3,1,
0xf36fc9b1b6ff60e88553f530c4f281e675a086cb,1,
0x4e9502db32a1e74e78d1fa9d813d016d0ed05330,1,
0x9086b1f411cb815197c01abffe9277ad2a30ca8e,1,
0xb64209b7362b59e5d69e3ad88ab34a7a3066ffb4,1,
0x26aa9b8d9af2d9e62424bd4b3f035f5f40d83e09,1,
0xee3106d27e6e9c5b329e4d39213eff3d5698080e,1,
0x5d326b958180863849229e61260aa46c1e6e33e8,1,
0x9d1b27796adb236512d4bc0f26de4c12dfde37d0,1,
0x57a02e77fc4d41ca808959850f2dd23f2df4a72a,1,
0x468de9a987ba5aab0823a0b6f54189fdae83a819,1,
0x8f207225d877043b07c2c59b819ec08993c71964,1,
0x43961f20194c1a27888386f8547b91ac23f9d8ae,1,
0x6369460b015420c61a3a75c3e9595c81d0b94795,1,
0x6306fd142edeca18a64fd7dbfb425e083ddce973,1,
0x2972ca0fb5bb13b36695403582d562edb4fbb2f8,1,
0xac59f71c383de1ef94802676f72f1bae3d7d3029,1,
0xb852427caaaf33558ffbee00bb2029244f25eca4,1,
0x7360fa12026263e2e3b29e88afbe60481112b553,1,
0xb34b06c03ac8fd3d1a512a9dd4ea4c43cfca51ee,1,
0xa94c7c710b53c45a188c31cf623eb83d429bbf4a,1,
0x9c199d2f0d70616736ca47ad74572b74ef6b89ab,1,
0xa1788fe8ab496d79163a1a134e250c978a06bc79,1,
0xca37d80abd9799e9060e2fa64b9a9476e5bb097f,1,
0x28018c45568c96a7af5bcc51fb0687808f31dfed,1,
0x26297cd4cbb367b2059f87ddf2859042b3a80b91,1,
0x8d84655346b3d05a670f78e8fc094f729cc8a682,1,
0xbcadea8b602c0848b07f2a185177dab8f3df585a,1,
0x6514c6c8247e76bde08d70d1910aad48870ed631,1,
0xb9096d6db733d5971ebd4b901398e6e33bd7cc70,1,
0x5f31cb7ba045c271e1a38570ac5a087238d09227,1,
0x81b305da6abe8abf8850a3f0eb4b9782290d816d,1,
0x0d30c35f9f3771f2d04246bb7e9dde8a9a96ab35,1,
0xad08049f6be0fcaa74fb354d0f9de26b61f17941,1,
0xb28b92cdd97f5b162471cc97b3c058dbe4a11ee8,1,
0xd69422b6ad2aa11669c3b3e445755afa051ff793,1,
0x1402de507719544277be20043b6c6717f38d362e,1,
0x3b03c3977d784a6043034e9aafc9ba69c377a734,1,
0x3c025b85b89ca61188545131d95abbddd11be524,1,
0xa811c417506720d045523c76cbf448407301a595,1,
0x4dbd0e24b9684bfadfcd4a410688d8b987c3d040,1,
0x1e5437d14c5bbd6947aedc8844c35de3c8637585,1,
0x2b52bdcd5d18f0dc97871cb1687df970fadbcef1,1,
0x9f8dba1a9dc0f7e1ab07c0ef379c1a234a07bff6,1,
0x9b6e536706ddcc6f1cd1d51e198f5bed84085f21,1,
0x6d4f97bc946e75b3e7ecdd88dedacbe46cd41870,1,
0xf89c94f43b36719046b55e2ae60bacbfc0db1c6a,1,
0xffda03a768535823f6c7b216e490d58be9bfa22c,1,
0x2cdc6e07e5245703ee2e36e44ab52b512652a0c1,1,
0x794132174696ff27f43b7e99273e9de8f734de1d,1,
0x3c7858391952ec1223b4cdc9c6cd7aaba83bdfb4,1,
0xb28f1368c2641f6816ea859b403651c1dd2d92c8,1,
0xeccd42f471c4eda37517ebd104fbdddae4330c06,1,
0xfd7fd64fb6843e13e3f476485b889b8e3977a244,1,
0x663907edf639b1f1d3dc7fefd479b6beec2d16a6,1,
0xce4a90861af55527b49e57a3b74c334ab5084ebc,1,
0x37d013a5b16c1adb4a0901ab7cc927633b011a90,1,
0x175d7c6d4044987a704d1b29a949ea813ee9b0c1,1,
0x9567bedd4d7e9be9251ae7fa4282a0db6976a6b1,1,
0x4950ab279a968016ba1a852c7888b64154d65dd3,1,
0x8249da4f13ae8c84d18a98dbeb71e14196960f3b,1,
0xb8365c2810e4b0fd93d1eed4a9df0a0c0dff5d6a,1,
0x765c0e040b294d7e3607373998f2bbb7259673a7,1,
0x7ba5409829ba020377f3a47ba32434bd03c47cee,1,
0xb1e05e32c051e5d88ac20d667d36f3f963f69e97,1,
0x1bbdede14850a537ae2e0c1e6022436b2f632913,1,
0x013075fea71f44ad14025e4e2f1031c02f6a10de,1,
0x7d82793e39ac007010787a56f60ebc17592818b3,1,
0x8fb40dc2c59e72c39c28c011dbc431e8eccd4da8,1,
0x189fd275f80e6f903f5dd283ffdf20f246fa293f,1,
0x125c9a55a6db635ccb244fcd8110fba8b8ee7145,1,
0x714732b88382683773e9f95f5574eac00860fbb3,1,
0xe2c2e919a35e1c012f5ffcc77574c9037dd9521b,1,
0x00ab97c782c661fb3d08c96dce06176938101211,1,
0xd04fec65b1f3a3d2d3b9b4b4b31984de39046e20,1,
0x19ec107e466098833047828b01c5b36014a25550,1,
0x8e67315b370768a4929b4585371fdf1fbf7313c3,1,
0xd5557a1dcb5d9a34939528cbdea5128e1a6a1c04,1,
0x228bbb661ef183d80cec32a04c3a91f9151cbebb,1,
0x8fa45aa6f62ab1e00912016dfb51ecfcee452b34,1,
0x519d70f1bc214e10a3fc502e9ee3a36d490a53f0,1,
0xd4c6325bc524be5f9cd4a934a4e163f41f061aea,1,
0xf998ca8ae74e0c235dac9054504dcbd84d957f58,1,
0x4bbb94f56b5f138ad759da8e0e6f8102843f24a8,1,
0x1a51bcbc8d3642680d8267550f54e6e4cc5c4984,1,
0x9924acd69b59ccd26398f3ea56de561213e10e05,1,
0x55b468003dcfc6861fa425123422569be91ed17d,1,
0xb58617f6aee3a3a3b76a0fcf10c186cbef54cc3c,1,
0x7cb85ee6a587a1184e9d074fca9afc55a75b3b2f,1,
0x54b1b6c7cc0ad01957fd5971ed79911b14a44501,1,
0x969e2cdbed527117a00349e0ec352cf7967284e3,1,
0x0a522cf27e6cd3816ecc836933291a6e8ea3a2ae,1,
0x139791013f6dcc26f4052e6a7b8ed50099e7d15b,1,
0xa45feb28746ff9e0e4580cee0b1166bfbe47ff2f,1,
0x567da563057be92a42b0c14a765bfb1a3dd250be,1,
0xd50ec16851b00e48333699d66856207a416819f0,1,
0x91d947daa437f790bf8fbe1e81fd3eda403796bf,1,
0xa5928efde9a95dd3b535b857c05e1d7c78fa49e4,1,
0x2e79ffc8e8d4ba49b7c68efa51b56a721c702c68,1,
0x00ff6b7d26407a46af2b631b4fa452a036d027e5,1,
0x4b69c929edc7b8b911e4309e1fecb7e9c1ded9ef,1,
0x83dedbb4d75df6ea216ccf3af93a7995f3ae46d1,1,
0xb524f622df1eca8f947910c83167246e723d11f1,1,
0x50d089792b78d86f20f58fc3b70afc3f5839b778,1,
0xd65a00a807b8c8f76d198ea3f04a9f590312db45,1,
0x4c6686ed75d0c6685cc26fdab818cb975b5256e3,1,
0x313d783ce879c3a32eef0a9ada1b50a1ec4e911a,1,
0xb806a9d487f821eab424c61272da4f9732ae9145,1,
0x01f496e86a28ba6366292ee80cd70378e33988dc,1,
0x55a781d9c65561933aec6d4eee74a20edfce51fb,1,
0x6234ef4c5efb91d438c34aa62b3a05d0cb4548a8,1,
0x6872d36a512f5c823ddd1b0c455801453889ca90,1,
0x0259823237a4347310fca4e68f6fc56db1ec93aa,1,
0x64df7af696e0977771a0e1e1b1a8dd22ded3cf4b,1,
0xe126d84a1c2018b5f5ff821c1539eb8c53f27bf2,1,
0x2cfe30080f3a5644c763c4a3fc88e8a1fbd55526,1,
0x8e4a821ceb881feb30e0c7a61d789e8d318f2af2,1,
0xf7cb62bf544513be4d013f742f70d842c48633cf,1,
0xa5437c9d2f62f79ae22b1dbd0a735feec7cef6a7,1,
0xfe8d7c5d07ed49c3dde717936e230ce029311b1b,1,
0xace7f306bdae84179cce3a6f7c2a0233299267ab,1,
0xb1c13aa0f04eab10e554e5b754d3b61fe5de9c1f,1,
0x2d79bae98e74a263bdb3e7e2938ffaeb92f9777e,1,
0x08f2880c500545bffab72d81a214b8b6f9438d70,1,
0x0a2a34cdfbade6634d902d0d0a8dc7533d26f7e3,1,
0x193641ea463c3b9244cf9f00b77ee5220d4154e9,1,
0xd90e46168d3220aff7660adc5fbf68fb3328675b,1,
0x24aa59b9967d01ab1021920f7ea92384671d13cf,1,
0xb52e2e80f7885155b46edb9a7e67120f2ecbf901,1,
0x188f2447f7517f46a6c617aecf950b740cd8eb98,1,
0x288b495abd83656ba6eef2d689d7a085a5a9fdc2,1,
0xa67199c1d42906ce0f1f851fbb5ddf81cf633e62,1,
0x690775a806519cc79b26a4ef79d7aee210ad4302,1,
0xbd8b192d2081b77e148095c08dcc719e61c2d826,1,
0xec293b6470ae9994bc83d8b9749b499ad02e2a9a,1,
0x7626868e13adb8749014e272ba6c4751f56dc430,1,
0x28704100ab484855ad9cbcf5ead3b67fdb0e3b83,1,
0x5875f93cf665afb7dff7bf5a2bd831c9495dba33,1,
0x92c3afadbbb02305cbad16b92c804b072cbb06ef,1,
0xafba35f171afdd312a005d29a7914f041778cb45,1,
0x5f2056890a832cf07489b7d8358e729d6adcf4c3,1,
0xc01a0311708476e586fc194eb433979ff904e6dd,1,
0x5e0cd14ce49bcd2ebe0ca53cd5d8759dc48b0b40,1,
0xcb57c082893450408d432b5d0bc38def93b26040,1,
0x7b29f8c0ea709b96b72214b3de5d85c3d9570794,1,
0xc9e75e27899b3dd34c04e466e8653e79ecd6d23d,1,
0xc71d17b0d875af77a13acc49b3402aec9df95ac4,1,
0x4fe67d306b4daac0d5915d8edebc461e4206190f,1,
0x774e5052c9b409fe1527057ed6ca438cb959786e,1,
0x6691fb80b87b89e3ea3e7c9a4b19fdb2d75c6aad,1,
0xb037442bfe6876cd736631b7ee5762d641e8fc6c,1,
0xa103adf24c3f94de78e0b56ec51002f388ee782a,1,
0x9a8a7453e01ce7d2f5a7f3e5748006975b3516c5,1,
0x6756eb1498751685a090c040b9cbd4b7f56b0661,1,
0xb9ff331293f1027be25d1aaedafc0cec3ee6e16c,1,
0x0f3cd69a5f6f9f1844e0cdbe0e191e18cab9be82,1,
0x6a36a1dcea3522368bcab154b737ca71d51463a3,1,
0xce2841510d0e6a0737ffdc85a38a5ba2bcb92ff1,1,
0xb4497126d510dfe4921f691f5dca133ef09f1a5b,1,
0xd9cfab54f1234aeea22b2818ab919866a2809c1c,1,
0xc7b2e6c16e0a34f15a2a6d66c8e9a37fc5a397fc,1,
0x5f3540fc6c016ec57636daad73470e9c109ac708,1,
0x082163ebddbf26e0a5c74123dadae25fe1b614da,1,
0xdb4f969eb7904a6ddf5528ae8d0e85f857991cfd,1,
0xd70333d48d72082b211d05340c8e4f9a630b315e,1,
0xf248d9df55bb5187c855c5cec4898bfc8375979f,1,
0xe65d8f5345bbfd8adcf8f7e5b79c4b1f8420551a,1,
0x7701832b38c4af966b4b171b3e15cf8208042a4d,1,
0x00e66bc44e2b0a88c9293bb2ca8d0b01cea1e82c,1,
0x59b429647fcc0a29166baf2707db5d61f0572865,1,
0x8b611a0747f714f657c0a8575f877ec5ad9189d0,1,
0xbb05755ef4eab7dfd4e0b34ef63b0bdd05cce20a,1,
0x25fdda95197f804316f5ba8dbb66ac173ee19981,1,
0xe8adbfeb2112b81f640df743b7919c3d68afc078,1,
0x257baa24d229288b381cf7df7572b247dc7fbec7,1,
0x1e5d13496de4a81225454afc9d0fa06f6bd97421,1,
0x8da0a5f9dd8ad28298041835259281ce05feaf3c,1,
0x6cd46717eb5cc4c735a7a502647b65890df2b4fe,1,
0x906607b298df0efc07234258ab0e27a4dfd62be6,1,
0xa66af16184134b48cbf2eb2918ed802ad7d244aa,1,
0xaffdc243caf9d7df46ba9279fc46499513fe7b6d,1,
0x2a52f71c40b270ba23a4877955ae64023e614cb7,1,
0x10a2e2eba934c9d494d49b1847eeb103f89746f0,1,
0xef9e79830d4e42c29918411a8afe4e229df7ade1,1,
0x73495e34a5577a390753ba344a48d8e731a2dd32,1,
0x4749843d79ee4964d804a0afb12314c8573af21c,1,
0xcd1e27461af28e23bd3e84ed87e2c9a281bf0d9f,1,
0x29dc6933ebe463c634eab9b2b9f1dc93727ecf08,1,
0x4801af178dd07390941931c7e6f82b61a4344a0b,1,
0x535f8cf8f448376e22b65410f90b169f45950a61,1,
0x18ceadcf3486c4246a760dbb4c445d6d2534715b,1,
0xbb179f078bac0ff4f181f6e01606ccae883ef74d,1,
0x33cc21363b49154d6fd0fabd9db9d530831c13ce,1,
0xe3b9878690b92166cf4ab71e6935bb4ecb1ee83a,1,
0x5cbf3dc9ec8694e29f85505be9ed39cf07081cb1,1,
0x81d8363845f96f94858fac44a521117dadbfd837,1,
0x7c13aeb51c314f5d53510b0f5f1dff5d798fcee0,1,
0xf6c3de06d433d48bc984c1af76ae6871960396d3,1,
0x6a191c11fbf567bb19f554393662da80d269be91,1,
0x1f13a5dc44911ebd98ea1b55ab5b7b2a99acca14,1,
0x46a0c679a4bfe5598c63b2e4f7bb78c1021d1187,1,
0xa059924c9eb2ea5899586d47ef507def5639aa83,1,
0xf865067a5b9672f11af8514440d9111afd05d040,1,
0xef34f0fad2bec63a7d47d4a2179b3c06fbe4abb3,1,
0x2f478ffd6610eebd07528f9e31521c28a042812b,1,
0x599f93f297bb772e57e9e4921b1a589a4a762146,1,
0x444ae1c5fba8a47f428d2029c88903e516a1a6db,1,
0x459e9e7fa2631ce07a8369beeaebce0a660b9ecc,1,
0x9ebd10b46b43351097cab2d3c03ccf440957a2a9,1,
0x57dc07429407fa0621a84cfcbaf0f7fffba19204,1,
0xaf2fea8278222a8ab0f98a6386dcbe48b746942d,1,
0xe2862ae22eab54d8de68dd14f8a2304a919cc076,1,
0xac1b80e06f970879bfb8f2b92b59442593f332b6,1,
0x03c7fe14c903e85ba8dcc34baf647dec3a019428,1,
0xdf88e2f7f27babbea90f426a910e1e4366b82a8a,1,
0x3edc863789a36f508340ea3f2aa40674139cf5b6,1,
0xbcb4c8386c097589e7825aaeb9e7c6295835f1d6,1,
0x0022e00560d1fd651e71df08d98edc028e3baf1a,1,
0xafbb52825d39cacd20cd52cc2b662118eca2f83f,1,
0xe016f917cc4219c19fc62c7bd137b3bfb96562ac,1,
0x085843dbde124ab8babd558fea60534962628338,1,
0x09be9ab0eb61327d26904bae69efdc6633d5eec8,1,
0xf84bce1f673f667739143f6e53260ffecb488135,1,
0x7e683f9f70c723e5778be5ba871e188df2aef0ae,1,
0x46459033061d58df4742a35f63e9ec6aff5acf7d,1,
0x96e8cb34893a51d0ae87813e0f388f907fef3aed,1,
0xc2b163e6e3992c4dd76f3ce863186ad4fb575780,1,
0x29efb924668191915a421776ea1cecb8d7e591a4,1,
0x57c7b56672c5172ecc45bb4133d1d4497d5b03ca,1,
0x74010ef2d2c76d79d3fe3f9f73ccfaf5c3a9369a,1,
0xd3d20f2d89922311f87cd954691102f475833770,1,
0x572830f18f941fe8bc92f2f5264cc974c03e8cd1,1,
0x214d7e35cb265c416629d209e35fed58e252afce,1,
0x91ec72fd47f637c9576fb8fb81dd4c71b35bb753,1,
0x33ebb62dc9ddbf6b8f3c0efdf5bccc2e7ac60211,1,
0x4f4d62767521f441a453d37fdbcc8de1c3915c8b,1,
0x7911fa8d5bfce62ef68b714d5b51a65a5732b101,1,
0x19dfdc194bb5cf599af78b1967dbb3783c590720,1,
0x09af383265202582450e74f0aadcf7a648a92609,1,
0xd3675744eb2a06020149f29f294507b66264d8cb,1,
0x82dce97c2ea6176cba1519a62c4d8189f4661887,1,
0xab9ae93e74f1725c9a63edba47daf172d6a89947,1,
0x64b1c7d1dae3e378bc8d8670c28d49118978f50b,1,
0x98ff843132691616dce7e5611e85c30210563b22,1,
0xfd746829b98f254cdbbefd886827d721f2b89aac,1,
0x3db8d15d100471bc37d08d2fc8b581976719e66a,1,
0x6f040fb3f8816b826acae29b5c27e670964e2607,1,
0x698bb6299824a053a9fa1e677d48ca44daa0a0c8,1,
0x5c14c0a4ce5645be8bf218a5f5469b94dbe887bb,1,
0x6e90a7e8c872b1d6ae63892000c700f39c502961,1,
0xf9c991e5e84954561a4625a0dc0d879fd7fbbebc,1,
0xe02eeb49fd2f6ed86491850f99f0382527e370fd,1,
0x9b1f9ca4efe6f4f887781ccfa17f136de76ff1c1,1,
0x0ea189c81b8f4a9ee18c769596483093e1c4e437,1,
0x000000000a38444e0a6e37d3b630d7e855a7cb13,1,
0xe8e13d87aa1019d7210d1b07e637c4f90bd934e6,1,
0x6c3b56935674c6a3d2daff8a85bc69da7848ad2d,1,
0xe6ae3d496de8eee60f0597acf60c232b56cba741,1,
0xfc7eca54f07f5fcf94661b10a2fed2851f3c7abf,1,
0xd3d2718b6c64d5571c0aefe54365ac1cf1059f3d,1,
0x6a5dbf2fb5206ec8192620810c3edb6d5e62b188,1,
0x51aeb544c49ea8cc11e7421ac870019d628f8ba2,1,
0x62a32ea089109e7b8f0fe29d839736ddb0c753f6,1,
0x2b9db8033e82557398794dd1b8d31025fbfd6ed9,1,
0x588edebf274437c8bf2ea650036452db637d210d,1,
0x223b3baec11f2f46a40fe49ddf599f16f151eb21,1,
0xa0e121ec7fc5776c2c7175d30a7c7b5abc1fe7fa,1,
0x1f48bda29885a33ccb053b5a57f29e24be4cba00,1,
0x05c6959d997cde99d2f967367e5e9f1959ba9706,1,
0x8deb4b767ed678207561bd465a1a997df8b6f6b0,1,
0x9437295080414b0767f58c44ea1bd0ab2a546cd3,1,
0xb25024c421d4f8bebe468d3dc353e07868c99901,1,
0x49599c1db63179c5ba45bc9ab22b392af3144fb1,1,
0xec2f247e5b282cc98905ffb8f61d9989478be146,1,
0x18d1f12613bc57b0577065c49b92fa01ba8e7ad4,1,
0x469903cefa6b5493d44924db3f2cbabe8300bc74,1,
0x2a9cc6ca68fe524ac5e4d4bcc67b4c17a35aae40,1,
0xa8d5040bf6d02be09df157c3d8777dde21ee9690,1,
0xba25a7beab8e2e7521fe55952501bdc5675d97d9,1,
0xcaeb87704c8ec7c1e0aeec6d9fef9443d57df140,1,
0x68f0ae07b4b7dd71bb9c4dfbfad483cc462061b6,1,
0x19c0de07420b55e7503b836cb334f3b6faaa43a5,1,
0x88616f1177e76b2ca7de6f107b23d5555ccedacb,1,
0xa9c47447891f1cbac6c61498749638ecfe19a027,1,
0xfe6452534415bcb1152db84b3ee246921a0199ad,1,
0x08f1d6ccb9c8af37ebac3039075e89016530e56d,1,
0x0101eaee8d0013234c32936963ff504a9954220b,1,
0x4c09e512b5b8d1eada8fc07ef45406e4623d7fdd,1,
0x6623a40af16273cb83f406cbf04d69d7a444c799,1,
0x1b4dc70984f8bd79d2f96ca7ecf6d0ae9df44a6e,1,
0x5de5cb8ea264e00c0529d5a7c8e98f9028285eec,1,
0xe55949816d249f304f58a12e33dee39d10ed7e11,1,
0x2ad4769c9ad02cf068c66c2cd26c6989c1b634ff,1,
0xc8c5406008f4f8168cccfbef513f5238915db9eb,1,
0xb5cc80d2423bf3a47163ddbabe7a49e0473173fb,1,
0xf1ffc324b5025db16b0283defae75bc3e279a6b8,1,
0xd606424168d1f6da0e51f7e27d719208dd75fe47,1,
0x4b4ed195f54edba8fddb4600dd29e16b3912aa5e,1,
0x68d6ad880b7a71ab5067d6aa0e879ee401be27a4,1,
0x44b7d855d1d1431f74c4a0bed1123ea95b929140,1,
0x9207b06763d80e54a82d2316b3b1de0ce1421e1e,1,
0x484c85be1cdb3263448c9a2080f8edef07a93a8b,1,
0xd1e8d815d2107397a3b81cbb01bc8e01ceac4137,1,
0xda0edbd0bab9ac0f6273a01e261c1e4b482e5cd3,1,
0x7232b1267c4ffa6f91b97fa356506ceed04a2f5b,1,
0x9a0bb7e8400533a3917623a2cfa38a3b9d2ec4bd,1,
0x15b3392708755a9f7aac3b33b401d7efa3d52f38,1,
0x0655d3e8139b83592bd8da979aa6ffc058830bea,1,
0x2232f1fb9c6d21db8d6a573c1a8b10baf7528073,1,
0x68c687c61d0a5c82dac496984763f437d20c7907,1,
0x57140269c527d7ebccd2a9766eb8c7fd18e0bc2f,1,
0x02e330c881bd785fa16dc4873850e41c2daf7e7a,1,
0xbb4a7c9572284257c9e41aecbb96f9d542210c90,1,
0x19f928a2ba7fe4745f05dcd3f2e89bc2584f931e,1,
0xc893c06b8dfb1c47b6e61a8a2b94111d3c69121a,1,
0xa68300af16eaa2af979c3706bbab39c677857602,1,
0x27c6312df6ea78ce6e0792fb96cdc57f2a06440f,1,
0x3efd5cdb46c700481f40058341aa220ac2552660,1,
0xed9fa205d056e05a3316765b48b579fb880c48dc,1,
0xe242ffec125230569c592e26dea977e3b880e966,1,
0xc7fb6589477f0f90c3bb3cdf97b9dac4ca40c19f,1,
0x6670123c10849355ce5664e45cec136ef4478813,1,
0x40c204d9146d04d6cb0fefdbfa17e7e289634dd4,1,
0x9c9048f2db04a74c95001d88edd69c9d8bc031a6,1,
0x312d4049a38fde910c967be29d0ca7d37fd62a6d,1,
0x60d5424fecac58aefd1a071ba225f9ad1b5e4f2c,1,
0x4b58eac61893860b43001a58c0b3f1143caefca3,1,
0x7080320bed0ca0d46585aa8a81ba66880650b720,1,
0x605b5f6549538a94bd2653d1ee67612a47039da0,1,
0x288134424520caadf321ad1a7dbd4f11665ea26c,1,
0xef4a0ce8123650aacf03120c3c5684b65bc380c2,1,
0x0895b21d1b3abe7d4f761b5870c36887cb310a5b,1,
0xdaf6d1853b44ef096f9daa5c4edfe888877ff650,1,
0x6b52dcb6fe97dc93dfe8df8d4ae9a7c2856ccba2,1,
0x5abd9fd718381d62b9c8f1df27c98a162e874f3b,1,
0x2cafdbbc0031eb38e3652e2443d2f22e66485f5b,1,
0x0212cc0b38b5ce97ff26dd16b82de73f4849f24d,1,
0x854d7b77b762b2ca07b1ccc21e2a19eb1ccc34c7,1,
0x3c15b6edeb88d9258a76217a9fb2242977eb720a,1,
0x8a9b4e3055aaf3853f50439ae3fd83992dcfe522,1,
0x452dde67a0ed37afd751d52cdfb228e305100892,1,
0xee55c14392a4dc8ccbc3144145a49455a3152e81,1,
0xf0d6999725115e3ead3d927eb3329d63afaec09b,1,
0x11c3a7ba155c1ac2fea7002659e5146bc00db217,1,
0xe6cf807e4b2a640dfe03ff06fa6ab32c334c7df4,1,
0x78fd06a971d8bd1ccf3ba2e16cd2d5ea451933e2,1,
0xdd49b395bfe66f78f61f054cf8275d0e9cb84663,1,
0x5f080bed89d0c00bde37726feb55b244a4354316,1,
0x876f26606fa3699adcaf7a2826b57e6958ef623a,1,
0x22e5f823c5b9548fa524420814d81597ec47de04,1,
0xe6098a486e219682e584fcb0fcfb434381970064,1,
0xaae1478ee9f89f07c789e7d2c3647e606cfb0386,1,
0x593fe14a9295490f109eec62f6334348bb75f0e0,1,
0x7e209335b0081ecbbe70a7af0e51ddeb1f7a75bd,1,
0x882919f9e48ad7b22ac87b275ce501ee4305a295,1,
0x3213977900a71e183818472e795c76af8cbc3a3e,1,
0x42aabd3a2f2b64a44b99e0ab025657ba73b871a2,1,
0xb16ba9b0f21886f0fcd09d4d96f2810d93860ee1,1,
0xea7fe608e6a55e791c34afe178e3f34deeb17fc4,1,
0x0d0bd6469be80d57893cf1b21434936dfaa35319,1,
0xca64e575083e0a8f9c73ffc214d78027d98fc51b,1,
0x1332ba870839f99735e5b0a42d374c0e7b6e7bd7,1,
0x7d112a6724dfe4506a3bbfa29ded117bf8d332a4,1,
0xaf1852e6e552136f3b7dc23c926e4fbcae4e686d,1,
0xcfeef71ef5e0374306fba281c5978a4c70cd8207,1,
0x2bb9f760473cd2695301ab8cf06931d61f0bd4d3,1,
0x758fe911c1453e80c901e6d0c009291a22651146,1,
0x2a030ff3a0a001834eac35b2fe4bef3478ed04bb,1,
0x942f75c1b1fcfdc4abfd95e494bdec764eabfb34,1,
0x80704c6fe7f98712a49795086804c57052c81e82,1,
0xf1354903fa0b2bff37685d1213f612925472d7c3,1,
0x14af1f801e88314a9a677a0d35517c1d43c51f51,1,
0xdede79c2cde2586231d533b28d49c895395a6a4e,1,
0xd8e10a95073d2ff506e93d31fb9d0f2084a3123f,1,
0x4e99b2991ab8306833fe403468dc44515694f638,1,
0xf9bc67e9efca41c8f2be5a196937a73ca4441d1e,1,
0xf0f75819d8522bf32263f3e2ea604ba6fce93894,1,
0x8f14060d8a957c258da5cbe749040891c0cf6e7c,1,
0x7a6cbd7a4562021fbdc0ac328c6c572fd703087a,1,
0x5c64ea6930639199949a7a11802a46f0bedf161f,1,
0x8d9757b143ae14aaa71ab7a5f733a113ecb55320,1,
0xab57babf2ce17f8a7661cbc24fc515cea77f930b,1,
0xddccc62d0569ae47068d77b0a1b8464f15577e6d,1,
0x66f5c13f4b65951b81be99fe87f406e3ea906a82,1,
0xf286e07ed6889658a3285c05c4f736963cf41456,1,
0x87d9c2d9990a9f3a18f1377ff20d9945f9eb3792,1,
0x60b0fba5b289800743b35ad8be16cddede2bd67f,1,
0x88eed6653cb255e03fcc3644befa52fd08c86a97,1,
0x3c4ae04242a7f1f74a428e0d6439f070b2cd91d2,1,
0xabbe8863b11a0296f29e15e890154f03a456cc3b,1,
0x7cc58c0492a1a02472b5dadd899aeae9fc5d8a4c,1,
0xdc0b62fd77e84ea91642699e302a140aa290a60b,1,
0x68b53aa18d1b8437b7cd9524040c776e2261e06d,1,
0x6bd6c0e39c8c30fa7732a7c58480c73c9314783d,1,
0x2e5a9aaf0eb86bb41cbd0f41fd7020fd4ff663d5,1,
0xc7f91e6650fe21791b1f8af864ed019b6853294e,1,
0xcd9939763c1fa069a501a60a4bf4c50a358859e5,1,
0xce9937270381bab20e66ca10b148efba6a7e72f5,1,
0x25542fd6204bbbe570e358b9ebeb391513980c34,1,
0x5f7a8fb8cc29e795ba19191dd74d69a90cdadb88,1,
0xbfeff5b9714ccec5f09a2f21d7ece2e485dbf777,1,
0xb57660af3b39cdd42fd9661600130b6d1f4c07e3,1,
0x7f1cd22f3e8dfac287cb6b1d29a4d28ecb797b9c,1,
0x13c71ebc307de848b0b1125f7de9cdd56ff4234d,1,
0xa5ef4dbdf267e9799b497e4ac1a67467deffb7da,1,
0x9e2232041b71ffaac73215d25d61654da209641b,1,
0x9547a62429ddeadd20afbaa643cf9a70358642e5,1,
0x072e49b842f2835b4b7b2152fb116882578f8e33,1,
0x68f4fc47cd4356da184042d8ada3936f13d3e526,1,
0xd839fc7da293d42af3b79e4c1d9f6d8ee2773dfa,1,
0x00d1b620029471617c3df4c81001dcc8162d3db2,1,
0xbc191920f303f7616fff4a8a8a24896c35b0c7da,1,
0x98adeabab7dc7f5649605085de57f7df4195822a,1,
0x4fe4bbb5060d43f71fec00e5ddfaa5777850edc4,1,
0x5f94d32058fc8067018e94e508ef48c1135e53fd,1,
0xa5b02095aec69ef5b9308e1eecabb81c55ca0686,1,
0xf3d303279e06e8aed808cdb0fc3e8a4612e7ba5a,1,
0x055cc85e9864f755e1e15f5ffd8d6c501f7ffc84,1,
0x538544582e775259f5de66653f26e660d15ef56d,1,
0x42ea8f7153f5378eacdc999e5495791200194fff,1,
0xbfc016652a6708b20ae850ee92d2ea23cca5f31a,1,
0x0512e188d66a15f7e065f13b5001d63457c47e0f,1,
0x3ffa42577fbbbaa239d9cdb5a5bbe493705b273d,1,
0x1bc3e2c44e0b2dabb1b06a1890273571825d3e03,1,
0x91a47e33d57d952303d3fa1a5676b00b77b2ccd4,1,
0x0d2e911c371dc46404fe73a619c58075c8dbc915,1,
0xbb2d77dd8b4db3fd8861f58f3605586c219d32c4,1,
0x93b609ce061ce4c33620b164b7073f8575780fab,1,
0xfc961534a0a55b925db2c5ee546c8a019c0d78d5,1,
0x91073ef21aca716b6a2f1eb97202ce022ca79cf5,1,
0xbd65c36c97be77473926763e813ef697a70ca3af,1,
0x0098377e5028f52b5fc038dd1775f859e8cfb564,1,
0x2a7e86f90215062ad6aac678a3586b3bfc73cd9c,1,
0x56122cb321e062b2ffeefc6ffb90b00106c2b2e0,1,
0xa2732f0cb76239cd827a0e0ede445c0a42047dd7,1,
0x2598424a05273ca84c8568f9211b911feab8aae2,1,
0x56fd71b8f4fefe4955a0393eac4e8a07e3ecdd46,1,
0xb4a537532569606c628801fb863b1aa9aae3fbb7,1,
0x1fafb618033fb07d3a99704a47451971976cb586,1,
0xce76da4871063e42d8b7320b9a65dd1181c14b12,1,
0xd64724f4f02e4b5e838b3a7b3193d785a8d7c1f7,1,
0x54548ae55502086c7e046ddd5226c30b6c2c22ca,1,
0x364b53ca9be6d623b0b8920f7d97ac1c285c3763,1,
0x2c87fd92da54ab1af3683b5e70e6dc065f5df490,1,
0xf225b5d5b96d5ac7fe2946dd90038ddb74da66b0,1,
0x909223eaced5ca58fbae525fc0f2f48e4fb02483,1,
0x9d152d8d65ec27f7b77d27073f86abd7a4a42871,1,
0x30e86a545db11871c453591c208af8fdab8a4622,1,
0x8cd6f5db8b476feced3f9ce64347b8bfcc2afeef,1,
0x0be6bf75c8be677a8735b23d6d1b8e626fb26d5d,1,
0xbcf0b14f183c5d9a20fe831c95f67afe865846a3,1,
0x07a1f6fc89223c5ebd4e4ddae89ac97629856a0f,1,
0xcaf3f336df0282cc786f33553798821ba57272b6,1,
0x7e2d4533f6cc881681efac1471d90642aae3c3a3,1,
0xdd06f66ce2ff56fe37b07868de70560c307989e7,1,
0x2be805bc1daa37b8c0aa228673dae746a54dc180,1,
0xb7df84951985c2e925a1f01a54bbd57eb1904e0f,1,
0x6700d4e28f2d3e94995cd0c21dab1de108ea5c62,1,
0x927da556a81142e39bee785c0b1a81dff6ebb1d9,1,
0x7759cac90673a44178b5e096392833b850f98285,1,
0x4ac738a21d54e26bb6f81b2784b53c284d5ae748,1,
0xc0728216524a8178c661422677463a95de237e73,1,
0x25d963e67f5570cea9de9651111fd8466d27e598,1,
0x33368322608c55d66f0c15ff0f887341b95c13c5,1,
0x7bccee9ea3e513070482b6e2392166f6515c5edf,1,
0xbc4ff71f3278c125950382bce1aafba1238af288,1,
0x1254958bd5073c6b238e516298f0c48f6f60a78e,1,
0xd06363c5e4674c54771b9be4532b8f147ae89fd6,1,
0x1146f36cf74fbb2971dcda652d0a3f4289a39d53,1,
0x6840abbb3d1f8c589125d2c34faef54746246dec,1,
0xf4fd6f0f6c2a74641201c91ff642d6bad27ea0e6,1,
0x30336509c81171f0fb902d43650336ef3a49122b,1,
0x871ae2e1ef121d7c43d57d6318e227dd558d2e39,1,
0x3992d75551403111c918ee4304c7a80527a6dd89,1,
0x2c413e33fa8328d5253b6cb9e6379b19762efce1,1,
0xe451dc0948f33b1261c585f0db84cca9ab69f3a4,1,
0x61200612c97fe44e261375e99cc12cf9d39afda8,1,
0xdb51f183f4fe44575c55df2c5b87bac3394def7b,1,
0xeb812d81e085dd32f563d0acf55453190193f22b,1,
























































































































































































































































































































































































































































































































































































































































































































































































































































































































































































































































































































































































































































































































































































































































































































































































































































